t_unity_captura,norm_x,norm_y,norm_z,g,t_unity_envio,t_robot_recepcion,x_cm,y_cm,z_cm,t_rad,t_uart_escritura,clamp_activo,rtt_ms,perdida_pct,id_intento,id_operador,condicion_red,nivel_objeto
,0.281,0.406,0.612,1.0,,1787595536973.1172,26.42,17.52,14.36,0.35,1787595536973.1172,False,,,2,OP1,C1_WIFI_SIN_CARGA,medio
,0.282,0.401,0.616,1.0,,1787595536999.8533,26.56,17.44,14.06,0.35,1787595536999.8533,False,,,2,OP1,C1_WIFI_SIN_CARGA,medio
,0.283,0.397,0.619,1.0,,1787595537028.3496,26.665,17.36,13.82,0.35,1787595537029.3765,False,,,2,OP1,C1_WIFI_SIN_CARGA,medio
,0.285,0.391,0.623,1.0,,1787595537075.619,26.805,17.2,13.46,0.35,1787595537075.619,False,,,2,OP1,C1_WIFI_SIN_CARGA,medio
,0.287,0.388,0.624,1.0,,1787595537109.0527,26.84,17.04,13.28,0.35,1787595537109.0527,False,,,2,OP1,C1_WIFI_SIN_CARGA,medio
,0.288,0.389,0.624,1.0,,1787595537136.0093,26.84,16.96,13.34,0.35,1787595537136.0093,False,,,2,OP1,C1_WIFI_SIN_CARGA,medio
,0.289,0.389,0.624,1.0,,1787595537167.1543,26.84,16.88,13.34,0.35,1787595537167.1543,False,,,2,OP1,C1_WIFI_SIN_CARGA,medio
,0.292,0.391,0.624,1.0,,1787595537193.915,26.84,16.64,13.46,0.35,1787595537196.9353,False,,,2,OP1,C1_WIFI_SIN_CARGA,medio
,0.294,0.392,0.624,1.0,,1787595537223.0232,26.84,16.48,13.52,0.35,1787595537223.0232,False,,,2,OP1,C1_WIFI_SIN_CARGA,medio
,0.296,0.394,0.626,1.0,,1787595537248.0825,26.91,16.32,13.64,0.35,1787595537248.0825,False,,,2,OP1,C1_WIFI_SIN_CARGA,medio
,0.299,0.394,0.628,1.0,,1787595537275.2402,26.98,16.08,13.64,0.35,1787595537275.2402,False,,,2,OP1,C1_WIFI_SIN_CARGA,medio
,0.303,0.393,0.631,1.0,,1787595537307.102,27.085,15.76,13.58,0.35,1787595537307.571,False,,,2,OP1,C1_WIFI_SIN_CARGA,medio
,0.305,0.392,0.631,1.0,,1787595537333.1182,27.085,15.6,13.52,0.35,1787595537333.1182,False,,,2,OP1,C1_WIFI_SIN_CARGA,medio
,0.308,0.391,0.632,1.0,,1787595537363.2964,27.12,15.36,13.46,0.35,1787595537364.391,False,,,2,OP1,C1_WIFI_SIN_CARGA,medio
,0.312,0.389,0.631,1.0,,1787595537411.869,27.085,15.04,13.34,0.35,1787595537411.869,False,,,2,OP1,C1_WIFI_SIN_CARGA,medio
,0.315,0.388,0.632,1.0,,1787595537445.4866,27.12,14.8,13.28,0.35,1787595537446.996,False,,,2,OP1,C1_WIFI_SIN_CARGA,medio
,0.319,0.386,0.633,1.0,,1787595537469.286,27.155,14.48,13.16,0.35,1787595537469.286,False,,,2,OP1,C1_WIFI_SIN_CARGA,medio
,0.322,0.384,0.634,1.0,,1787595537501.8408,27.19,14.24,13.04,0.35,1787595537501.8408,False,,,2,OP1,C1_WIFI_SIN_CARGA,medio
,0.324,0.382,0.635,1.0,,1787595537530.4954,27.225,14.08,12.92,0.35,1787595537530.4954,False,,,2,OP1,C1_WIFI_SIN_CARGA,medio
,0.325,0.381,0.637,1.0,,1787595537578.717,27.295,14.0,12.86,0.35,1787595537578.717,False,,,2,OP1,C1_WIFI_SIN_CARGA,medio
,0.325,0.381,0.638,1.0,,1787595537611.9155,27.33,14.0,12.86,0.35,1787595537611.9155,False,,,2,OP1,C1_WIFI_SIN_CARGA,medio
,0.325,0.38,0.64,1.0,,1787595537639.4658,27.4,14.0,12.8,0.35,1787595537639.4658,False,,,2,OP1,C1_WIFI_SIN_CARGA,medio
,0.325,0.378,0.642,1.0,,1787595537667.4902,27.47,14.0,12.68,0.35,1787595537667.4902,False,,,2,OP1,C1_WIFI_SIN_CARGA,medio
,0.325,0.378,0.645,1.0,,1787595537694.6013,27.575,14.0,12.68,0.35,1787595537694.6013,False,,,2,OP1,C1_WIFI_SIN_CARGA,medio
,0.324,0.377,0.649,1.0,,1787595537721.7627,27.715,14.08,12.62,0.35,1787595537721.7627,False,,,2,OP1,C1_WIFI_SIN_CARGA,medio
,0.323,0.377,0.653,1.0,,1787595537750.1873,27.855,14.16,12.62,0.35,1787595537750.1873,False,,,2,OP1,C1_WIFI_SIN_CARGA,medio
,0.322,0.376,0.656,1.0,,1787595537779.5615,27.96,14.24,12.56,0.35,1787595537779.5615,False,,,2,OP1,C1_WIFI_SIN_CARGA,medio
,0.321,0.375,0.66,1.0,,1787595537803.5205,28.1,14.32,12.5,0.35,1787595537803.5205,False,,,2,OP1,C1_WIFI_SIN_CARGA,medio
,0.318,0.375,0.664,1.0,,1787595537835.5078,28.24,14.56,12.5,0.35,1787595537835.5078,False,,,2,OP1,C1_WIFI_SIN_CARGA,medio
,0.316,0.374,0.668,1.0,,1787595537863.5105,28.38,14.72,12.44,0.35,1787595537864.5105,False,,,2,OP1,C1_WIFI_SIN_CARGA,medio
,0.311,0.371,0.674,1.0,,1787595537913.5923,28.59,15.12,12.26,0.35,1787595537913.5923,False,,,2,OP1,C1_WIFI_SIN_CARGA,medio
,0.31,0.369,0.676,1.0,,1787595537946.8638,28.66,15.2,12.14,0.35,1787595537947.204,False,,,2,OP1,C1_WIFI_SIN_CARGA,medio
,0.308,0.367,0.678,1.0,,1787595537970.1196,28.73,15.36,12.02,0.35,1787595537970.1196,False,,,2,OP1,C1_WIFI_SIN_CARGA,medio
,0.306,0.365,0.68,1.0,,1787595538001.7363,28.8,15.52,11.9,0.35,1787595538003.7478,False,,,2,OP1,C1_WIFI_SIN_CARGA,medio
,0.305,0.363,0.682,1.0,,1787595538030.895,28.87,15.6,11.78,0.35,1787595538031.9097,False,,,2,OP1,C1_WIFI_SIN_CARGA,medio
,0.303,0.361,0.685,1.0,,1787595538057.966,28.975,15.76,11.66,0.35,1787595538057.966,False,,,2,OP1,C1_WIFI_SIN_CARGA,medio
,0.3,0.359,0.687,1.0,,1787595538081.8015,29.045,16.0,11.54,0.35,1787595538081.8015,False,,,2,OP1,C1_WIFI_SIN_CARGA,medio
,0.297,0.356,0.689,1.0,,1787595538109.1348,29.115,16.24,11.36,0.35,1787595538109.1348,False,,,2,OP1,C1_WIFI_SIN_CARGA,medio
,0.294,0.354,0.692,1.0,,1787595538142.07,29.22,16.48,11.24,0.35,1787595538142.07,False,,,2,OP1,C1_WIFI_SIN_CARGA,medio
,0.291,0.352,0.695,1.0,,1787595538168.4053,29.325,16.72,11.12,0.35,1787595538170.4138,False,,,2,OP1,C1_WIFI_SIN_CARGA,medio
,0.289,0.35,0.698,1.0,,1787595538197.8462,29.43,16.88,11.0,0.35,1787595538197.8462,False,,,2,OP1,C1_WIFI_SIN_CARGA,medio
,0.288,0.348,0.7,1.0,,1787595538251.5356,29.5,16.96,10.88,0.35,1787595538251.5356,False,,,2,OP1,C1_WIFI_SIN_CARGA,medio
,0.288,0.348,0.701,1.0,,1787595538274.3904,29.535,16.96,10.88,0.35,1787595538274.3904,False,,,2,OP1,C1_WIFI_SIN_CARGA,medio
,0.288,0.346,0.703,1.0,,1787595538309.2332,29.605,16.96,10.76,0.35,1787595538309.7522,False,,,2,OP1,C1_WIFI_SIN_CARGA,medio
,0.288,0.345,0.704,1.0,,1787595538337.203,29.64,16.96,10.7,0.35,1787595538337.203,False,,,2,OP1,C1_WIFI_SIN_CARGA,medio
,0.288,0.345,0.706,1.0,,1787595538363.8628,29.71,16.96,10.7,0.35,1787595538365.8723,False,,,2,OP1,C1_WIFI_SIN_CARGA,medio
,0.287,0.344,0.707,1.0,,1787595538392.0164,29.745,17.04,10.64,0.35,1787595538393.0613,False,,,2,OP1,C1_WIFI_SIN_CARGA,medio
,0.287,0.343,0.708,1.0,,1787595538418.0586,29.78,17.04,10.58,0.35,1787595538418.0586,False,,,2,OP1,C1_WIFI_SIN_CARGA,medio
,0.287,0.343,0.709,1.0,,1787595538447.1838,29.815,17.04,10.58,0.35,1787595538447.1838,False,,,2,OP1,C1_WIFI_SIN_CARGA,medio
,0.287,0.342,0.71,1.0,,1787595538475.6504,29.85,17.04,10.52,0.35,1787595538475.6504,False,,,2,OP1,C1_WIFI_SIN_CARGA,medio
,0.287,0.342,0.711,1.0,,1787595538504.944,29.885,17.04,10.52,0.35,1787595538504.944,False,,,2,OP1,C1_WIFI_SIN_CARGA,medio
,0.288,0.342,0.712,1.0,,1787595538553.0083,29.92,16.96,10.52,0.35,1787595538553.0083,False,,,2,OP1,C1_WIFI_SIN_CARGA,medio
,0.289,0.343,0.714,1.0,,1787595538585.6687,29.99,16.88,10.58,0.35,1787595538585.6687,False,,,2,OP1,C1_WIFI_SIN_CARGA,medio
,0.29,0.342,0.718,1.0,,1787595538613.8413,30.13,16.8,10.52,0.35,1787595538613.8413,False,,,2,OP1,C1_WIFI_SIN_CARGA,medio
,0.292,0.342,0.722,1.0,,1787595538642.1528,30.27,16.64,10.52,0.35,1787595538642.1528,False,,,2,OP1,C1_WIFI_SIN_CARGA,medio
,0.293,0.343,0.725,1.0,,1787595538671.7642,30.375,16.56,10.58,0.35,1787595538672.4685,False,,,2,OP1,C1_WIFI_SIN_CARGA,medio
,0.295,0.344,0.729,1.0,,1787595538697.0154,30.515,16.4,10.64,0.35,1787595538697.0154,False,,,2,OP1,C1_WIFI_SIN_CARGA,medio
,0.296,0.346,0.732,1.0,,1787595538722.0012,30.62,16.32,10.76,0.35,1787595538722.0012,False,,,2,OP1,C1_WIFI_SIN_CARGA,medio
,0.297,0.35,0.734,1.0,,1787595538754.4998,30.69,16.24,11.0,0.35,1787595538754.4998,False,,,2,OP1,C1_WIFI_SIN_CARGA,medio
,0.297,0.353,0.737,1.0,,1787595538782.5825,30.795,16.24,11.18,0.35,1787595538782.5825,False,,,2,OP1,C1_WIFI_SIN_CARGA,medio
,0.297,0.357,0.739,1.0,,1787595538809.3489,30.865,16.24,11.42,0.35,1787595538809.3489,False,,,2,OP1,C1_WIFI_SIN_CARGA,medio
,0.298,0.359,0.741,1.0,,1787595538838.5068,30.935,16.16,11.54,0.35,1787595538839.5083,False,,,2,OP1,C1_WIFI_SIN_CARGA,medio
,0.298,0.361,0.742,1.0,,1787595538867.5205,30.97,16.16,11.66,0.35,1787595538867.5205,False,,,2,OP1,C1_WIFI_SIN_CARGA,medio
,0.298,0.361,0.742,1.0,,1787595538889.74,30.97,16.16,11.66,0.35,1787595538894.9026,False,,,2,OP1,C1_WIFI_SIN_CARGA,medio
,0.298,0.361,0.743,1.0,,1787595538921.7417,31.005,16.16,11.66,0.35,1787595538921.7417,False,,,2,OP1,C1_WIFI_SIN_CARGA,medio
,0.299,0.36,0.744,1.0,,1787595538946.8184,31.04,16.08,11.6,0.35,1787595538946.8184,False,,,2,OP1,C1_WIFI_SIN_CARGA,medio
,0.299,0.359,0.744,1.0,,1787595538977.286,31.04,16.08,11.54,0.35,1787595538977.286,False,,,2,OP1,C1_WIFI_SIN_CARGA,medio
,0.299,0.357,0.745,1.0,,1787595539004.784,31.075,16.08,11.42,0.35,1787595539006.7969,False,,,2,OP1,C1_WIFI_SIN_CARGA,medio
,0.3,0.354,0.745,1.0,,1787595539025.0205,31.075,16.0,11.24,0.35,1787595539025.0205,False,,,2,OP1,C1_WIFI_SIN_CARGA,medio
,0.3,0.35,0.745,1.0,,1787595539057.2107,31.075,16.0,11.0,0.35,1787595539057.2107,False,,,2,OP1,C1_WIFI_SIN_CARGA,medio
,0.301,0.347,0.746,1.0,,1787595539077.9082,31.11,15.92,10.82,0.35,1787595539077.9082,False,,,2,OP1,C1_WIFI_SIN_CARGA,medio
,0.302,0.343,0.747,1.0,,1787595539115.639,31.145,15.84,10.58,0.35,1787595539115.639,False,,,2,OP1,C1_WIFI_SIN_CARGA,medio
,0.303,0.34,0.748,1.0,,1787595539145.3015,31.18,15.76,10.4,0.35,1787595539145.3015,False,,,2,OP1,C1_WIFI_SIN_CARGA,medio
,0.303,0.338,0.751,1.0,,1787595539171.672,31.285,15.76,10.28,0.35,1787595539172.6816,False,,,2,OP1,C1_WIFI_SIN_CARGA,medio
,0.304,0.336,0.753,1.0,,1787595539197.1533,31.355,15.68,10.16,0.35,1787595539197.1533,False,,,2,OP1,C1_WIFI_SIN_CARGA,medio
,0.304,0.334,0.755,1.0,,1787595539223.8894,31.425,15.68,10.04,0.35,1787595539223.8894,False,,,2,OP1,C1_WIFI_SIN_CARGA,medio
,0.304,0.333,0.757,1.0,,1787595539249.1816,31.495,15.68,9.98,0.35,1787595539249.1816,False,,,2,OP1,C1_WIFI_SIN_CARGA,medio
,0.304,0.331,0.759,1.0,,1787595539284.135,31.565,15.68,9.86,0.35,1787595539284.135,False,,,2,OP1,C1_WIFI_SIN_CARGA,medio
,0.305,0.328,0.763,1.0,,1787595539311.2263,31.705,15.6,9.68,0.35,1787595539311.2263,False,,,2,OP1,C1_WIFI_SIN_CARGA,medio
,0.306,0.32,0.769,1.0,,1787595539363.064,31.915,15.52,9.2,0.35,1787595539363.064,False,,,2,OP1,C1_WIFI_SIN_CARGA,medio
,0.307,0.317,0.771,1.0,,1787595539391.3162,31.985,15.44,9.02,0.35,1787595539391.3162,False,,,2,OP1,C1_WIFI_SIN_CARGA,medio
,0.307,0.315,0.771,1.0,,1787595539421.6863,31.985,15.44,8.9,0.35,1787595539421.6863,False,,,2,OP1,C1_WIFI_SIN_CARGA,medio
,0.307,0.312,0.771,1.0,,1787595539449.2605,31.985,15.44,8.72,0.35,1787595539449.2605,False,,,2,OP1,C1_WIFI_SIN_CARGA,medio
,0.308,0.308,0.772,1.0,,1787595539476.688,32.02,15.36,8.48,0.35,1787595539478.9275,False,,,2,OP1,C1_WIFI_SIN_CARGA,medio
,0.308,0.303,0.773,1.0,,1787595539497.303,32.055,15.36,8.18,0.35,1787595539507.36,False,,,2,OP1,C1_WIFI_SIN_CARGA,medio
,0.308,0.3,0.771,1.0,,1787595539529.9724,31.985,15.36,8.0,0.35,1787595539529.9724,False,,,2,OP1,C1_WIFI_SIN_CARGA,medio
,0.307,0.297,0.771,1.0,,1787595539562.6543,31.985,15.44,7.82,0.35,1787595539562.6543,False,,,2,OP1,C1_WIFI_SIN_CARGA,medio
,0.306,0.294,0.77,1.0,,1787595539583.8655,31.95,15.52,7.64,0.35,1787595539583.8655,False,,,2,OP1,C1_WIFI_SIN_CARGA,medio
,0.305,0.292,0.771,1.0,,1787595539616.379,31.985,15.6,7.52,0.35,1787595539616.379,False,,,2,OP1,C1_WIFI_SIN_CARGA,medio
,0.305,0.288,0.772,1.0,,1787595539646.719,32.02,15.6,7.28,0.35,1787595539648.2966,False,,,2,OP1,C1_WIFI_SIN_CARGA,medio
,0.305,0.282,0.775,1.0,,1787595539673.1062,32.125,15.6,6.92,0.35,1787595539673.1062,False,,,2,OP1,C1_WIFI_SIN_CARGA,medio
,0.304,0.277,0.778,1.0,,1787595539697.2878,32.23,15.68,6.62,0.35,1787595539697.2878,False,,,2,OP1,C1_WIFI_SIN_CARGA,medio
,0.302,0.272,0.78,1.0,,1787595539728.0596,32.3,15.84,6.32,0.35,1787595539728.0596,False,,,2,OP1,C1_WIFI_SIN_CARGA,medio
,0.301,0.266,0.782,1.0,,1787595539755.674,32.37,15.92,5.96,0.35,1787595539755.674,False,,,2,OP1,C1_WIFI_SIN_CARGA,medio
,0.3,0.256,0.787,1.0,,1787595539784.6597,32.545,16.0,5.36,0.35,1787595539784.6597,False,,,2,OP1,C1_WIFI_SIN_CARGA,medio
,0.298,0.252,0.788,1.0,,1787595539812.575,32.58,16.16,5.12,0.35,1787595539815.6636,False,,,2,OP1,C1_WIFI_SIN_CARGA,medio
,0.297,0.249,0.79,1.0,,1787595539863.7544,32.65,16.24,4.94,0.35,1787595539863.7544,False,,,2,OP1,C1_WIFI_SIN_CARGA,medio
,0.297,0.248,0.79,1.0,,1787595539888.224,32.65,16.24,4.88,0.35,1787595539896.1458,False,,,2,OP1,C1_WIFI_SIN_CARGA,medio
,0.296,0.247,0.79,1.0,,1787595539923.0637,32.65,16.32,4.82,0.35,1787595539923.0637,False,,,2,OP1,C1_WIFI_SIN_CARGA,medio
,0.295,0.245,0.792,1.0,,1787595539952.0266,32.72,16.4,4.7,0.35,1787595539952.0266,False,,,2,OP1,C1_WIFI_SIN_CARGA,medio
,0.294,0.244,0.793,1.0,,1787595539979.2158,32.755,16.48,4.64,0.35,1787595539979.2158,False,,,2,OP1,C1_WIFI_SIN_CARGA,medio
,0.293,0.244,0.794,1.0,,1787595540007.4917,32.79,16.56,4.64,0.35,1787595540009.546,False,,,2,OP1,C1_WIFI_SIN_CARGA,medio
,0.292,0.243,0.794,1.0,,1787595540034.5842,32.79,16.64,4.58,0.35,1787595540034.5842,False,,,2,OP1,C1_WIFI_SIN_CARGA,medio
,0.291,0.243,0.795,1.0,,1787595540090.5315,32.825,16.72,4.58,0.35,1787595540092.5386,False,,,2,OP1,C1_WIFI_SIN_CARGA,medio
,0.291,0.242,0.796,1.0,,1787595540117.8296,32.86,16.72,4.52,0.35,1787595540119.839,False,,,2,OP1,C1_WIFI_SIN_CARGA,medio
,0.29,0.241,0.796,1.0,,1787595540147.957,32.86,16.8,4.46,0.35,1787595540149.0637,False,,,2,OP1,C1_WIFI_SIN_CARGA,medio
,0.288,0.237,0.799,1.0,,1787595540200.1511,32.965,16.96,4.22,0.35,1787595540200.1511,False,,,2,OP1,C1_WIFI_SIN_CARGA,medio
,0.287,0.233,0.802,1.0,,1787595540227.1892,33.07,17.04,3.98,0.35,1787595540227.1892,False,,,2,OP1,C1_WIFI_SIN_CARGA,medio
,0.286,0.23,0.803,1.0,,1787595540259.3826,33.105,17.12,3.8,0.35,1787595540259.3826,False,,,2,OP1,C1_WIFI_SIN_CARGA,medio
,0.285,0.227,0.803,1.0,,1787595540310.4475,33.105,17.2,3.62,0.35,1787595540316.4983,False,,,2,OP1,C1_WIFI_SIN_CARGA,medio
,0.284,0.226,0.804,1.0,,1787595540333.7078,33.14,17.28,3.56,0.35,1787595540343.9275,False,,,2,OP1,C1_WIFI_SIN_CARGA,medio
,0.283,0.224,0.805,1.0,,1787595540366.2043,33.175,17.36,3.44,0.35,1787595540366.2043,False,,,2,OP1,C1_WIFI_SIN_CARGA,medio
,0.283,0.223,0.807,1.0,,1787595540397.2632,33.245,17.36,3.38,0.35,1787595540397.7332,False,,,2,OP1,C1_WIFI_SIN_CARGA,medio
,0.282,0.222,0.808,1.0,,1787595540422.4048,33.28,17.44,3.32,0.35,1787595540422.4048,False,,,2,OP1,C1_WIFI_SIN_CARGA,medio
,0.282,0.221,0.808,1.0,,1787595540451.7695,33.28,17.44,3.26,0.35,1787595540453.89,False,,,2,OP1,C1_WIFI_SIN_CARGA,medio
,0.282,0.22,0.809,1.0,,1787595540501.4346,33.315,17.44,3.2,0.35,1787595540511.0083,False,,,2,OP1,C1_WIFI_SIN_CARGA,medio
,0.282,0.219,0.81,1.0,,1787595540535.421,33.35,17.44,3.14,0.35,1787595540535.421,False,,,2,OP1,C1_WIFI_SIN_CARGA,medio
,0.282,0.219,0.81,1.0,,1787595540562.196,33.35,17.44,3.14,0.35,1787595540562.196,False,,,2,OP1,C1_WIFI_SIN_CARGA,medio
,0.282,0.218,0.811,1.0,,1787595540592.8394,33.385,17.44,3.08,0.35,1787595540592.8394,False,,,2,OP1,C1_WIFI_SIN_CARGA,medio
,0.283,0.218,0.811,1.0,,1787595540620.895,33.385,17.36,3.08,0.35,1787595540621.3103,False,,,2,OP1,C1_WIFI_SIN_CARGA,medio
,0.283,0.217,0.811,1.0,,1787595540647.0808,33.385,17.36,3.02,0.35,1787595540647.0808,False,,,2,OP1,C1_WIFI_SIN_CARGA,medio
,0.284,0.216,0.812,1.0,,1787595540668.558,33.42,17.28,2.96,0.35,1787595540668.558,False,,,2,OP1,C1_WIFI_SIN_CARGA,medio
,0.284,0.216,0.812,1.0,,1787595540701.7893,33.42,17.28,2.96,0.35,1787595540701.7893,False,,,2,OP1,C1_WIFI_SIN_CARGA,medio
,0.284,0.215,0.813,1.0,,1787595540730.0017,33.455,17.28,2.9,0.35,1787595540730.0017,False,,,2,OP1,C1_WIFI_SIN_CARGA,medio
,0.284,0.215,0.813,1.0,,1787595540758.0625,33.455,17.28,2.9,0.35,1787595540758.0625,False,,,2,OP1,C1_WIFI_SIN_CARGA,medio
,0.285,0.215,0.813,1.0,,1787595540786.884,33.455,17.2,2.9,0.35,1787595540788.964,False,,,2,OP1,C1_WIFI_SIN_CARGA,medio
,0.285,0.216,0.812,1.0,,1787595540813.5183,33.42,17.2,2.96,0.35,1787595540813.5183,False,,,2,OP1,C1_WIFI_SIN_CARGA,medio
,0.285,0.216,0.812,1.0,,1787595540836.6926,33.42,17.2,2.96,0.35,1787595540836.6926,False,,,2,OP1,C1_WIFI_SIN_CARGA,medio
,0.285,0.217,0.811,1.0,,1787595540869.1978,33.385,17.2,3.02,0.35,1787595540869.1978,False,,,2,OP1,C1_WIFI_SIN_CARGA,medio
,0.285,0.218,0.811,1.0,,1787595540898.6067,33.385,17.2,3.08,0.35,1787595540898.6067,False,,,2,OP1,C1_WIFI_SIN_CARGA,medio
,0.286,0.219,0.811,1.0,,1787595540925.5806,33.385,17.12,3.14,0.35,1787595540925.5806,False,,,2,OP1,C1_WIFI_SIN_CARGA,medio
,0.286,0.22,0.812,0.874,,1787595540954.519,33.42,17.12,3.2,0.4823,1787595540955.0369,False,,,2,OP1,C1_WIFI_SIN_CARGA,medio
,0.287,0.232,0.813,0.281,,1787595541004.0017,33.455,17.04,3.92,1.1049,1787595541004.0017,False,,,2,OP1,C1_WIFI_SIN_CARGA,medio
,0.287,0.242,0.813,0.097,,1787595541037.44,33.455,17.04,4.52,1.2981,1787595541037.44,False,,,2,OP1,C1_WIFI_SIN_CARGA,medio
,0.285,0.255,0.808,0.0,,1787595541063.9187,33.28,17.2,5.3,1.4,1787595541063.9187,False,,,2,OP1,C1_WIFI_SIN_CARGA,medio
,0.284,0.261,0.807,0.051,,1787595541093.122,33.245,17.28,5.66,1.3464,1787595541095.1294,False,,,2,OP1,C1_WIFI_SIN_CARGA,medio
,0.286,0.265,0.809,0.079,,1787595541121.8284,33.315,17.12,5.9,1.317,1787595541122.8516,False,,,2,OP1,C1_WIFI_SIN_CARGA,medio
,0.288,0.266,0.811,0.088,,1787595541147.2126,33.385,16.96,5.96,1.3076,1787595541147.2126,False,,,2,OP1,C1_WIFI_SIN_CARGA,medio
,0.29,0.262,0.814,0.061,,1787595541172.3767,33.49,16.8,5.72,1.3359,1787595541172.3767,False,,,2,OP1,C1_WIFI_SIN_CARGA,medio
,0.292,0.258,0.817,0.041,,1787595541197.1968,33.595,16.64,5.48,1.3569,1787595541197.1968,False,,,2,OP1,C1_WIFI_SIN_CARGA,medio
,0.294,0.254,0.82,0.026,,1787595541232.4563,33.7,16.48,5.24,1.3727,1787595541234.4666,False,,,2,OP1,C1_WIFI_SIN_CARGA,medio
,0.295,0.252,0.819,0.01,,1787595541260.1245,33.665,16.4,5.12,1.3895,1787595541260.1245,False,,,2,OP1,C1_WIFI_SIN_CARGA,medio
,0.295,0.252,0.815,0.0,,1787595541314.0813,33.525,16.4,5.12,1.4,1787595541314.0813,False,,,2,OP1,C1_WIFI_SIN_CARGA,medio
,0.295,0.251,0.813,0.0,,1787595541344.6033,33.455,16.4,5.06,1.4,1787595541347.12,False,,,2,OP1,C1_WIFI_SIN_CARGA,medio
,0.294,0.25,0.812,0.0,,1787595541370.7068,33.42,16.48,5.0,1.4,1787595541370.7068,False,,,2,OP1,C1_WIFI_SIN_CARGA,medio
,0.294,0.25,0.812,0.0,,1787595541399.925,33.42,16.48,5.0,1.4,1787595541399.925,False,,,2,OP1,C1_WIFI_SIN_CARGA,medio
,0.293,0.25,0.81,0.0,,1787595541427.4868,33.35,16.56,5.0,1.4,1787595541427.4868,False,,,2,OP1,C1_WIFI_SIN_CARGA,medio
,0.293,0.249,0.808,0.0,,1787595541448.233,33.28,16.56,4.94,1.4,1787595541458.423,False,,,2,OP1,C1_WIFI_SIN_CARGA,medio
,0.293,0.248,0.807,0.0,,1787595541475.7134,33.245,16.56,4.88,1.4,1787595541475.7134,False,,,2,OP1,C1_WIFI_SIN_CARGA,medio
,0.292,0.247,0.807,0.0,,1787595541508.8389,33.245,16.64,4.82,1.4,1787595541508.8389,False,,,2,OP1,C1_WIFI_SIN_CARGA,medio
,0.292,0.247,0.805,0.0,,1787595541536.5076,33.175,16.64,4.82,1.4,1787595541536.5076,False,,,2,OP1,C1_WIFI_SIN_CARGA,medio
,0.292,0.246,0.804,0.0,,1787595541565.644,33.14,16.64,4.76,1.4,1787595541568.257,False,,,2,OP1,C1_WIFI_SIN_CARGA,medio
,0.291,0.245,0.804,0.0,,1787595541595.5,33.14,16.72,4.7,1.4,1787595541595.5,False,,,2,OP1,C1_WIFI_SIN_CARGA,medio
,0.291,0.245,0.804,0.0,,1787595541620.386,33.14,16.72,4.7,1.4,1787595541624.5544,False,,,2,OP1,C1_WIFI_SIN_CARGA,medio
,0.291,0.245,0.805,0.0,,1787595541649.718,33.175,16.72,4.7,1.4,1787595541651.619,False,,,2,OP1,C1_WIFI_SIN_CARGA,medio
,0.291,0.244,0.805,0.0,,1787595541677.426,33.175,16.72,4.64,1.4,1787595541677.426,False,,,2,OP1,C1_WIFI_SIN_CARGA,medio
,0.291,0.244,0.805,0.0,,1787595541704.2832,33.175,16.72,4.64,1.4,1787595541704.2832,False,,,2,OP1,C1_WIFI_SIN_CARGA,medio
,0.291,0.244,0.806,0.0,,1787595541734.7646,33.21,16.72,4.64,1.4,1787595541734.7646,False,,,2,OP1,C1_WIFI_SIN_CARGA,medio
,0.29,0.244,0.806,0.0,,1787595541761.061,33.21,16.8,4.64,1.4,1787595541761.061,False,,,2,OP1,C1_WIFI_SIN_CARGA,medio
,0.29,0.244,0.807,0.0,,1787595541815.0835,33.245,16.8,4.64,1.4,1787595541815.0835,False,,,2,OP1,C1_WIFI_SIN_CARGA,medio
,0.29,0.244,0.807,0.0,,1787595541844.7085,33.245,16.8,4.64,1.4,1787595541844.7085,False,,,2,OP1,C1_WIFI_SIN_CARGA,medio
,0.29,0.245,0.807,0.0,,1787595541872.4749,33.245,16.8,4.7,1.4,1787595541872.4749,False,,,2,OP1,C1_WIFI_SIN_CARGA,medio
,0.289,0.244,0.808,0.0,,1787595541900.466,33.28,16.88,4.64,1.4,1787595541900.466,False,,,2,OP1,C1_WIFI_SIN_CARGA,medio
,0.289,0.244,0.808,0.0,,1787595541930.3848,33.28,16.88,4.64,1.4,1787595541930.715,False,,,2,OP1,C1_WIFI_SIN_CARGA,medio
,0.289,0.245,0.808,0.0,,1787595541957.1326,33.28,16.88,4.7,1.4,1787595541957.1326,False,,,2,OP1,C1_WIFI_SIN_CARGA,medio
,0.289,0.245,0.807,0.0,,1787595541979.4883,33.245,16.88,4.7,1.4,1787595541979.4883,False,,,2,OP1,C1_WIFI_SIN_CARGA,medio
,0.289,0.245,0.807,0.0,,1787595542011.9788,33.245,16.88,4.7,1.4,1787595542011.9788,False,,,2,OP1,C1_WIFI_SIN_CARGA,medio
,0.289,0.245,0.807,0.0,,1787595542037.0388,33.245,16.88,4.7,1.4,1787595542037.0388,False,,,2,OP1,C1_WIFI_SIN_CARGA,medio
,0.289,0.245,0.807,0.0,,1787595542067.8792,33.245,16.88,4.7,1.4,1787595542067.8792,False,,,2,OP1,C1_WIFI_SIN_CARGA,medio
,0.289,0.245,0.807,0.0,,1787595542095.858,33.245,16.88,4.7,1.4,1787595542097.8848,False,,,2,OP1,C1_WIFI_SIN_CARGA,medio
,0.289,0.246,0.807,0.0,,1787595542147.2727,33.245,16.88,4.76,1.4,1787595542147.2727,False,,,2,OP1,C1_WIFI_SIN_CARGA,medio
,0.289,0.247,0.807,0.0,,1787595542178.1477,33.245,16.88,4.82,1.4,1787595542180.777,False,,,2,OP1,C1_WIFI_SIN_CARGA,medio
,0.289,0.248,0.806,0.0,,1787595542207.2654,33.21,16.88,4.88,1.4,1787595542207.2654,False,,,2,OP1,C1_WIFI_SIN_CARGA,medio
,0.289,0.248,0.807,0.0,,1787595542235.9326,33.245,16.88,4.88,1.4,1787595542235.9326,False,,,2,OP1,C1_WIFI_SIN_CARGA,medio
,0.29,0.249,0.806,0.0,,1787595542260.7637,33.21,16.8,4.94,1.4,1787595542264.307,False,,,2,OP1,C1_WIFI_SIN_CARGA,medio
,0.291,0.249,0.806,0.0,,1787595542282.3325,33.21,16.72,4.94,1.4,1787595542282.3325,False,,,2,OP1,C1_WIFI_SIN_CARGA,medio
,0.291,0.249,0.806,0.0,,1787595542316.3933,33.21,16.72,4.94,1.4,1787595542316.3933,False,,,2,OP1,C1_WIFI_SIN_CARGA,medio
,0.292,0.25,0.806,0.0,,1787595542344.4917,33.21,16.64,5.0,1.4,1787595542346.998,False,,,2,OP1,C1_WIFI_SIN_CARGA,medio
,0.292,0.25,0.806,0.0,,1787595542368.4033,33.21,16.64,5.0,1.4,1787595542368.4033,False,,,2,OP1,C1_WIFI_SIN_CARGA,medio
,0.292,0.25,0.806,0.0,,1787595542403.3506,33.21,16.64,5.0,1.4,1787595542403.3506,False,,,2,OP1,C1_WIFI_SIN_CARGA,medio
,0.292,0.251,0.805,0.0,,1787595542430.8228,33.175,16.64,5.06,1.4,1787595542430.8228,False,,,2,OP1,C1_WIFI_SIN_CARGA,medio
,0.293,0.251,0.805,0.0,,1787595542458.1016,33.175,16.56,5.06,1.4,1787595542458.1016,False,,,2,OP1,C1_WIFI_SIN_CARGA,medio
,0.293,0.252,0.805,0.0,,1787595542485.7632,33.175,16.56,5.12,1.4,1787595542485.7632,False,,,2,OP1,C1_WIFI_SIN_CARGA,medio
,0.293,0.253,0.805,0.0,,1787595542508.7756,33.175,16.56,5.18,1.4,1787595542508.7756,False,,,2,OP1,C1_WIFI_SIN_CARGA,medio
,0.293,0.254,0.805,0.0,,1787595542539.6216,33.175,16.56,5.24,1.4,1787595542539.6216,False,,,2,OP1,C1_WIFI_SIN_CARGA,medio
,0.293,0.255,0.805,0.0,,1787595542570.5093,33.175,16.56,5.3,1.4,1787595542570.5093,False,,,2,OP1,C1_WIFI_SIN_CARGA,medio
,0.294,0.257,0.806,0.0,,1787595542624.3523,33.21,16.48,5.42,1.4,1787595542624.3523,False,,,2,OP1,C1_WIFI_SIN_CARGA,medio
,0.294,0.258,0.806,0.0,,1787595542650.3591,33.21,16.48,5.48,1.4,1787595542650.3591,False,,,2,OP1,C1_WIFI_SIN_CARGA,medio
,0.294,0.259,0.806,0.0,,1787595542675.5913,33.21,16.48,5.54,1.4,1787595542675.5913,False,,,2,OP1,C1_WIFI_SIN_CARGA,medio
,0.294,0.261,0.806,0.0,,1787595542707.5732,33.21,16.48,5.66,1.4,1787595542707.5732,False,,,2,OP1,C1_WIFI_SIN_CARGA,medio
,0.294,0.263,0.806,0.0,,1787595542734.9487,33.21,16.48,5.78,1.4,1787595542734.9487,False,,,2,OP1,C1_WIFI_SIN_CARGA,medio
,0.293,0.266,0.806,0.0,,1787595542761.563,33.21,16.56,5.96,1.4,1787595542761.563,False,,,2,OP1,C1_WIFI_SIN_CARGA,medio
,0.293,0.269,0.806,0.0,,1787595542784.4668,33.21,16.56,6.14,1.4,1787595542784.4668,False,,,2,OP1,C1_WIFI_SIN_CARGA,medio
,0.292,0.274,0.806,0.0,,1787595542817.682,33.21,16.64,6.44,1.4,1787595542817.682,False,,,2,OP1,C1_WIFI_SIN_CARGA,medio
,0.291,0.281,0.807,0.0,,1787595542847.2812,33.245,16.72,6.86,1.4,1787595542847.2812,False,,,2,OP1,C1_WIFI_SIN_CARGA,medio
,0.29,0.291,0.806,0.0,,1787595542875.151,33.21,16.8,7.46,1.4,1787595542875.151,False,,,2,OP1,C1_WIFI_SIN_CARGA,medio
,0.288,0.309,0.801,0.0,,1787595542902.5537,33.035,16.96,8.54,1.4,1787595542902.5537,False,,,2,OP1,C1_WIFI_SIN_CARGA,medio
,0.287,0.38,0.796,0.0,,1787595542952.811,32.86,17.04,12.8,1.4,1787595542952.811,False,,,2,OP1,C1_WIFI_SIN_CARGA,medio
,0.287,0.415,0.793,0.0,,1787595542985.6929,32.755,17.04,14.9,1.4,1787595542985.6929,False,,,2,OP1,C1_WIFI_SIN_CARGA,medio
,0.288,0.487,0.785,0.0,,1787595543041.0227,32.475,16.96,19.22,1.4,1787595543041.0227,False,,,2,OP1,C1_WIFI_SIN_CARGA,medio
,0.287,0.509,0.788,0.0,,1787595543070.5254,32.58,17.04,20.54,1.4,1787595543070.5254,False,,,2,OP1,C1_WIFI_SIN_CARGA,medio
,0.289,0.518,0.779,0.0,,1787595543097.714,32.265,16.88,21.08,1.4,1787595543097.714,False,,,2,OP1,C1_WIFI_SIN_CARGA,medio
,0.292,0.526,0.768,0.0,,1787595543119.548,31.88,16.64,21.56,1.4,1787595543119.548,False,,,2,OP1,C1_WIFI_SIN_CARGA,medio
,0.296,0.534,0.755,0.0,,1787595543153.7595,31.425,16.32,22.04,1.4,1787595543153.7595,False,,,2,OP1,C1_WIFI_SIN_CARGA,medio
,0.301,0.539,0.752,0.0,,1787595543176.7405,31.32,15.92,22.34,1.4,1787595543176.7405,False,,,2,OP1,C1_WIFI_SIN_CARGA,medio
,0.306,0.544,0.75,0.0,,1787595543209.0403,31.25,15.52,22.64,1.4,1787595543211.048,False,,,2,OP1,C1_WIFI_SIN_CARGA,medio
,0.31,0.549,0.749,0.0,,1787595543237.6414,31.215,15.2,22.94,1.4,1787595543237.6414,False,,,2,OP1,C1_WIFI_SIN_CARGA,medio
,0.311,0.554,0.757,0.0,,1787595543265.8235,31.495,15.12,23.24,1.4,1787595543265.8235,False,,,2,OP1,C1_WIFI_SIN_CARGA,medio
,0.31,0.563,0.764,0.0,,1787595543288.027,31.74,15.2,23.78,1.4,1787595543288.027,False,,,2,OP1,C1_WIFI_SIN_CARGA,medio
,0.31,0.571,0.763,0.0,,1787595543319.3464,31.705,15.2,24.26,1.4,1787595543319.3464,False,,,2,OP1,C1_WIFI_SIN_CARGA,medio
,0.309,0.581,0.758,0.0,,1787595543347.4973,31.53,15.28,24.86,1.4,1787595543347.4973,False,,,2,OP1,C1_WIFI_SIN_CARGA,medio
,0.308,0.592,0.744,0.0,,1787595543375.256,31.04,15.36,25.52,1.4,1787595543375.256,False,,,2,OP1,C1_WIFI_SIN_CARGA,medio
,0.311,0.6,0.74,0.0,,1787595543399.5166,30.9,15.12,26.0,1.4,1787595543404.6409,False,,,2,OP1,C1_WIFI_SIN_CARGA,medio
,0.316,0.606,0.739,0.0,,1787595543423.9922,30.865,14.72,26.36,1.4,1787595543423.9922,False,,,2,OP1,C1_WIFI_SIN_CARGA,medio
,0.318,0.609,0.738,0.0,,1787595543457.5986,30.83,14.56,26.54,1.4,1787595543457.5986,False,,,2,OP1,C1_WIFI_SIN_CARGA,medio
,0.319,0.611,0.737,0.0,,1787595543488.578,30.795,14.48,26.66,1.4,1787595543488.578,False,,,2,OP1,C1_WIFI_SIN_CARGA,medio
,0.319,0.614,0.736,0.0,,1787595543514.4004,30.76,14.48,26.84,1.4,1787595543514.4004,False,,,2,OP1,C1_WIFI_SIN_CARGA,medio
,0.32,0.616,0.736,0.0,,1787595543544.9326,30.76,14.4,26.96,1.4,1787595543544.9326,False,,,2,OP1,C1_WIFI_SIN_CARGA,medio
,0.327,0.616,0.735,0.0,,1787595543567.136,30.725,13.84,26.96,1.4,1787595543567.136,False,,,2,OP1,C1_WIFI_SIN_CARGA,medio
,0.334,0.616,0.734,0.0,,1787595543596.82,30.69,13.28,26.96,1.4,1787595543596.82,False,,,2,OP1,C1_WIFI_SIN_CARGA,medio
,0.34,0.616,0.734,0.0,,1787595543625.3325,30.69,12.8,26.96,1.4,1787595543625.3325,False,,,2,OP1,C1_WIFI_SIN_CARGA,medio
,0.35,0.614,0.739,0.0,,1787595543649.8325,30.865,12.0,26.84,1.4,1787595543649.8325,False,,,2,OP1,C1_WIFI_SIN_CARGA,medio
,0.362,0.611,0.743,0.0,,1787595543681.6372,31.005,11.04,26.66,1.4,1787595543681.6372,False,,,2,OP1,C1_WIFI_SIN_CARGA,medio
,0.374,0.607,0.747,0.0,,1787595543710.1953,31.145,10.08,26.42,1.4,1787595543710.1953,False,,,2,OP1,C1_WIFI_SIN_CARGA,medio
,0.399,0.598,0.751,0.0,,1787595543758.6953,31.285,8.08,25.88,1.4,1787595543758.6953,False,,,2,OP1,C1_WIFI_SIN_CARGA,medio
,0.411,0.593,0.754,0.0,,1787595543794.23,31.39,7.12,25.58,1.4,1787595543794.23,False,,,2,OP1,C1_WIFI_SIN_CARGA,medio
,0.43,0.589,0.75,0.0,,1787595543820.508,31.25,5.6,25.34,1.4,1787595543820.508,False,,,2,OP1,C1_WIFI_SIN_CARGA,medio
,0.445,0.585,0.749,0.0,,1787595543849.7969,31.215,4.4,25.1,1.4,1787595543851.8518,False,,,2,OP1,C1_WIFI_SIN_CARGA,medio
,0.456,0.583,0.747,0.0,,1787595543878.2212,31.145,3.52,24.98,1.4,1787595543879.3467,False,,,2,OP1,C1_WIFI_SIN_CARGA,medio
,0.479,0.582,0.742,0.0,,1787595543928.173,30.97,1.68,24.92,1.4,1787595543928.173,False,,,2,OP1,C1_WIFI_SIN_CARGA,medio
,0.492,0.583,0.737,0.0,,1787595543960.7336,30.795,0.64,24.98,1.4,1787595543960.7336,False,,,2,OP1,C1_WIFI_SIN_CARGA,medio
,0.505,0.585,0.73,0.0,,1787595543980.931,30.55,-0.4,25.1,1.4,1787595543980.931,False,,,2,OP1,C1_WIFI_SIN_CARGA,medio
,0.518,0.586,0.719,0.0,,1787595544017.5493,30.165,-1.44,25.16,1.4,1787595544017.5493,False,,,2,OP1,C1_WIFI_SIN_CARGA,medio
,0.528,0.586,0.709,0.0,,1787595544044.85,29.815,-2.24,25.16,1.4,1787595544045.8477,False,,,2,OP1,C1_WIFI_SIN_CARGA,medio
,0.537,0.585,0.699,0.0,,1787595544072.61,29.465,-2.96,25.1,1.4,1787595544072.61,False,,,2,OP1,C1_WIFI_SIN_CARGA,medio
,0.541,0.584,0.696,0.0,,1787595544096.756,29.36,-3.28,25.04,1.4,1787595544096.756,False,,,2,OP1,C1_WIFI_SIN_CARGA,medio
,0.545,0.583,0.692,0.0,,1787595544124.4695,29.22,-3.6,24.98,1.4,1787595544124.4695,False,,,2,OP1,C1_WIFI_SIN_CARGA,medio
,0.548,0.582,0.686,0.0,,1787595544156.3967,29.01,-3.84,24.92,1.4,1787595544156.3967,False,,,2,OP1,C1_WIFI_SIN_CARGA,medio
,0.554,0.58,0.684,0.0,,1787595544183.8855,28.94,-4.32,24.8,1.4,1787595544183.8855,False,,,2,OP1,C1_WIFI_SIN_CARGA,medio
,0.557,0.578,0.685,0.0,,1787595544212.7278,28.975,-4.56,24.68,1.4,1787595544213.741,False,,,2,OP1,C1_WIFI_SIN_CARGA,medio
,0.567,0.573,0.684,0.0,,1787595544263.9612,28.94,-5.36,24.38,1.4,1787595544263.9612,False,,,2,OP1,C1_WIFI_SIN_CARGA,medio
,0.568,0.572,0.682,0.0,,1787595544292.2163,28.87,-5.44,24.32,1.4,1787595544292.2163,False,,,2,OP1,C1_WIFI_SIN_CARGA,medio
,0.57,0.571,0.68,0.0,,1787595544321.66,28.8,-5.6,24.26,1.4,1787595544321.66,False,,,2,OP1,C1_WIFI_SIN_CARGA,medio
,0.573,0.57,0.677,0.0,,1787595544351.0698,28.695,-5.84,24.2,1.4,1787595544353.085,False,,,2,OP1,C1_WIFI_SIN_CARGA,medio
,0.577,0.571,0.677,0.0,,1787595544375.648,28.695,-6.16,24.26,1.4,1787595544375.648,False,,,2,OP1,C1_WIFI_SIN_CARGA,medio
,0.583,0.573,0.675,0.0,,1787595544400.2048,28.625,-6.64,24.38,1.4,1787595544408.6897,False,,,2,OP1,C1_WIFI_SIN_CARGA,medio
,0.591,0.575,0.672,0.0,,1787595544431.823,28.52,-7.28,24.5,1.4,1787595544431.823,False,,,2,OP1,C1_WIFI_SIN_CARGA,medio
,0.603,0.577,0.668,0.0,,1787595544458.0974,28.38,-8.24,24.62,1.4,1787595544458.0974,False,,,2,OP1,C1_WIFI_SIN_CARGA,medio
,0.612,0.579,0.665,0.0,,1787595544490.5884,28.275,-8.96,24.74,1.4,1787595544490.5884,False,,,2,OP1,C1_WIFI_SIN_CARGA,medio
,0.619,0.58,0.662,0.0,,1787595544518.7778,28.17,-9.52,24.8,1.4,1787595544518.7778,False,,,2,OP1,C1_WIFI_SIN_CARGA,medio
,0.626,0.58,0.66,0.0,,1787595544545.5227,28.1,-10.08,24.8,1.4,1787595544547.04,False,,,2,OP1,C1_WIFI_SIN_CARGA,medio
,0.635,0.58,0.654,0.0,,1787595544571.569,27.89,-10.8,24.8,1.4,1787595544571.569,False,,,2,OP1,C1_WIFI_SIN_CARGA,medio
,0.64,0.579,0.65,0.0,,1787595544599.0547,27.75,-11.2,24.74,1.4,1787595544599.0547,False,,,2,OP1,C1_WIFI_SIN_CARGA,medio
,0.642,0.577,0.647,0.0,,1787595544623.8232,27.645,-11.36,24.62,1.4,1787595544623.8232,False,,,2,OP1,C1_WIFI_SIN_CARGA,medio
,0.645,0.576,0.645,0.0,,1787595544657.3477,27.575,-11.6,24.56,1.4,1787595544657.3477,False,,,2,OP1,C1_WIFI_SIN_CARGA,medio
,0.648,0.573,0.643,0.0,,1787595544684.9766,27.505,-11.84,24.38,1.4,1787595544685.9282,False,,,2,OP1,C1_WIFI_SIN_CARGA,medio
,0.652,0.57,0.641,0.0,,1787595544712.4963,27.435,-12.16,24.2,1.4,1787595544712.4963,False,,,2,OP1,C1_WIFI_SIN_CARGA,medio
,0.655,0.564,0.638,0.0,,1787595544733.5088,27.33,-12.4,23.84,1.4,1787595544733.5088,False,,,2,OP1,C1_WIFI_SIN_CARGA,medio
,0.658,0.558,0.635,0.0,,1787595544767.2163,27.225,-12.64,23.48,1.4,1787595544767.2163,False,,,2,OP1,C1_WIFI_SIN_CARGA,medio
,0.66,0.551,0.633,0.0,,1787595544796.9695,27.155,-12.8,23.06,1.4,1787595544796.9695,False,,,2,OP1,C1_WIFI_SIN_CARGA,medio
,0.663,0.544,0.631,0.0,,1787595544824.0732,27.085,-13.04,22.64,1.4,1787595544824.0732,False,,,2,OP1,C1_WIFI_SIN_CARGA,medio
,0.666,0.539,0.63,0.0,,1787595544852.3755,27.05,-13.28,22.34,1.4,1787595544853.2852,False,,,2,OP1,C1_WIFI_SIN_CARGA,medio
,0.676,0.528,0.629,0.0,,1787595544901.5037,27.015,-14.08,21.68,1.4,1787595544901.5037,False,,,2,OP1,C1_WIFI_SIN_CARGA,medio
,0.679,0.525,0.629,0.0,,1787595544926.2998,27.015,-14.32,21.5,1.4,1787595544936.433,False,,,2,OP1,C1_WIFI_SIN_CARGA,medio
,0.683,0.522,0.629,0.0,,1787595544961.9844,27.015,-14.64,21.32,1.4,1787595544961.9844,False,,,2,OP1,C1_WIFI_SIN_CARGA,medio
,0.686,0.518,0.629,0.0,,1787595544991.8115,27.015,-14.88,21.08,1.4,1787595544993.822,False,,,2,OP1,C1_WIFI_SIN_CARGA,medio
,0.69,0.513,0.629,0.0,,1787595545018.62,27.015,-15.2,20.78,1.4,1787595545019.6345,False,,,2,OP1,C1_WIFI_SIN_CARGA,medio
,0.692,0.508,0.628,0.0,,1787595545047.0183,26.98,-15.36,20.48,1.4,1787595545047.0183,False,,,2,OP1,C1_WIFI_SIN_CARGA,medio
,0.694,0.504,0.628,0.0,,1787595545070.8064,26.98,-15.52,20.24,1.4,1787595545070.8064,False,,,2,OP1,C1_WIFI_SIN_CARGA,medio
,0.695,0.497,0.626,0.0,,1787595545096.6,26.91,-15.6,19.82,1.4,1787595545104.2854,False,,,2,OP1,C1_WIFI_SIN_CARGA,medio
,0.696,0.486,0.626,0.0,,1787595545130.8552,26.91,-15.68,19.16,1.4,1787595545130.8552,False,,,2,OP1,C1_WIFI_SIN_CARGA,medio
,0.697,0.471,0.624,0.0,,1787595545156.943,26.84,-15.76,18.26,1.4,1787595545158.954,False,,,2,OP1,C1_WIFI_SIN_CARGA,medio
,0.699,0.454,0.623,0.0,,1787595545186.5986,26.805,-15.92,17.24,1.4,1787595545186.5986,False,,,2,OP1,C1_WIFI_SIN_CARGA,medio
,0.698,0.448,0.62,0.0,,1787595545214.964,26.7,-15.84,16.88,1.4,1787595545215.999,False,,,2,OP1,C1_WIFI_SIN_CARGA,medio
,0.697,0.444,0.618,0.0,,1787595545238.1853,26.63,-15.76,16.64,1.4,1787595545238.1853,False,,,2,OP1,C1_WIFI_SIN_CARGA,medio
,0.696,0.442,0.618,0.0,,1787595545268.2974,26.63,-15.68,16.52,1.4,1787595545268.2974,False,,,2,OP1,C1_WIFI_SIN_CARGA,medio
,0.695,0.439,0.618,0.0,,1787595545296.9695,26.63,-15.6,16.34,1.4,1787595545296.9695,False,,,2,OP1,C1_WIFI_SIN_CARGA,medio
,0.694,0.435,0.617,0.0,,1787595545324.6162,26.595,-15.52,16.1,1.4,1787595545326.6292,False,,,2,OP1,C1_WIFI_SIN_CARGA,medio
,0.692,0.429,0.617,0.0,,1787595545354.1653,26.595,-15.36,15.74,1.4,1787595545354.1653,False,,,2,OP1,C1_WIFI_SIN_CARGA,medio
,0.691,0.424,0.616,0.0,,1787595545380.4592,26.56,-15.28,15.44,1.4,1787595545380.4592,False,,,2,OP1,C1_WIFI_SIN_CARGA,medio
,0.689,0.421,0.614,0.0,,1787595545410.2134,26.49,-15.12,15.26,1.4,1787595545410.2134,False,,,2,OP1,C1_WIFI_SIN_CARGA,medio
,0.688,0.419,0.612,0.0,,1787595545433.6204,26.42,-15.04,15.14,1.4,1787595545433.6204,False,,,2,OP1,C1_WIFI_SIN_CARGA,medio
,0.685,0.415,0.609,0.0,,1787595545465.0017,26.315,-14.8,14.9,1.4,1787595545465.0017,False,,,2,OP1,C1_WIFI_SIN_CARGA,medio
,0.684,0.412,0.608,0.0,,1787595545493.6016,26.28,-14.72,14.72,1.4,1787595545495.6128,False,,,2,OP1,C1_WIFI_SIN_CARGA,medio
,0.682,0.409,0.607,0.0,,1787595545518.1152,26.245,-14.56,14.54,1.4,1787595545518.1152,False,,,2,OP1,C1_WIFI_SIN_CARGA,medio
,0.68,0.406,0.607,0.0,,1787595545546.9302,26.245,-14.4,14.36,1.4,1787595545546.9302,False,,,2,OP1,C1_WIFI_SIN_CARGA,medio
,0.677,0.399,0.607,0.0,,1787595545573.3694,26.245,-14.16,13.94,1.4,1787595545573.3694,False,,,2,OP1,C1_WIFI_SIN_CARGA,medio
,0.674,0.394,0.607,0.0,,1787595545601.192,26.245,-13.92,13.64,1.4,1787595545601.192,False,,,2,OP1,C1_WIFI_SIN_CARGA,medio
,0.672,0.389,0.608,0.0,,1787595545631.4917,26.28,-13.76,13.34,1.4,1787595545631.4917,False,,,2,OP1,C1_WIFI_SIN_CARGA,medio
,0.671,0.386,0.609,0.0,,1787595545659.7805,26.315,-13.68,13.16,1.4,1787595545661.8,False,,,2,OP1,C1_WIFI_SIN_CARGA,medio
,0.67,0.383,0.61,0.0,,1787595545710.829,26.35,-13.6,12.98,1.4,1787595545710.829,False,,,2,OP1,C1_WIFI_SIN_CARGA,medio
,0.669,0.382,0.61,0.0,,1787595545743.4705,26.35,-13.52,12.92,1.4,1787595545743.4705,False,,,2,OP1,C1_WIFI_SIN_CARGA,medio
,0.669,0.382,0.611,0.0,,1787595545771.2246,26.385,-13.52,12.92,1.4,1787595545771.2246,False,,,2,OP1,C1_WIFI_SIN_CARGA,medio
,0.668,0.381,0.611,0.0,,1787595545798.644,26.385,-13.44,12.86,1.4,1787595545798.644,False,,,2,OP1,C1_WIFI_SIN_CARGA,medio
,0.668,0.381,0.611,0.0,,1787595545827.954,26.385,-13.44,12.86,1.4,1787595545828.361,False,,,2,OP1,C1_WIFI_SIN_CARGA,medio
,0.668,0.381,0.613,0.0,,1787595545877.8335,26.455,-13.44,12.86,1.4,1787595545877.8335,False,,,2,OP1,C1_WIFI_SIN_CARGA,medio
,0.669,0.382,0.613,0.0,,1787595545908.9238,26.455,-13.52,12.92,1.4,1787595545908.9238,False,,,2,OP1,C1_WIFI_SIN_CARGA,medio
,0.669,0.383,0.613,0.0,,1787595545936.9016,26.455,-13.52,12.98,1.4,1787595545936.9016,False,,,2,OP1,C1_WIFI_SIN_CARGA,medio
,0.67,0.383,0.614,0.0,,1787595545965.9758,26.49,-13.6,12.98,1.4,1787595545965.9758,False,,,2,OP1,C1_WIFI_SIN_CARGA,medio
,0.671,0.384,0.614,0.0,,1787595545994.3723,26.49,-13.68,13.04,1.4,1787595545994.74,False,,,2,OP1,C1_WIFI_SIN_CARGA,medio
,0.671,0.384,0.614,0.0,,1787595546021.0872,26.49,-13.68,13.04,1.4,1787595546021.0872,False,,,2,OP1,C1_WIFI_SIN_CARGA,medio
,0.672,0.385,0.614,0.0,,1787595546046.7434,26.49,-13.76,13.1,1.4,1787595546046.7434,False,,,2,OP1,C1_WIFI_SIN_CARGA,medio
,0.673,0.386,0.615,0.0,,1787595546073.3728,26.525,-13.84,13.16,1.4,1787595546073.3728,False,,,2,OP1,C1_WIFI_SIN_CARGA,medio
,0.674,0.387,0.615,0.0,,1787595546100.965,26.525,-13.92,13.22,1.4,1787595546100.965,False,,,2,OP1,C1_WIFI_SIN_CARGA,medio
,0.675,0.387,0.616,0.0,,1787595546132.8765,26.56,-14.0,13.22,1.4,1787595546134.8855,False,,,2,OP1,C1_WIFI_SIN_CARGA,medio
,0.675,0.387,0.617,0.0,,1787595546160.9578,26.595,-14.0,13.22,1.4,1787595546162.7856,False,,,2,OP1,C1_WIFI_SIN_CARGA,medio
,0.676,0.387,0.618,0.0,,1787595546181.4268,26.63,-14.08,13.22,1.4,1787595546181.4268,False,,,2,OP1,C1_WIFI_SIN_CARGA,medio
,0.676,0.385,0.618,0.0,,1787595546213.036,26.63,-14.08,13.1,1.4,1787595546213.036,False,,,2,OP1,C1_WIFI_SIN_CARGA,medio
,0.676,0.384,0.619,0.0,,1787595546239.3264,26.665,-14.08,13.04,1.4,1787595546239.3264,False,,,2,OP1,C1_WIFI_SIN_CARGA,medio
,0.675,0.381,0.62,0.0,,1787595546272.4043,26.7,-14.0,12.86,1.4,1787595546272.4043,False,,,2,OP1,C1_WIFI_SIN_CARGA,medio
,0.674,0.376,0.623,0.0,,1787595546299.9624,26.805,-13.92,12.56,1.4,1787595546299.9624,False,,,2,OP1,C1_WIFI_SIN_CARGA,medio
,0.673,0.37,0.626,0.0,,1787595546325.0227,26.91,-13.84,12.2,1.4,1787595546328.7637,False,,,2,OP1,C1_WIFI_SIN_CARGA,medio
,0.671,0.364,0.63,0.0,,1787595546355.0964,27.05,-13.68,11.84,1.4,1787595546357.1108,False,,,2,OP1,C1_WIFI_SIN_CARGA,medio
,0.669,0.358,0.632,0.0,,1787595546379.7964,27.12,-13.52,11.48,1.4,1787595546379.7964,False,,,2,OP1,C1_WIFI_SIN_CARGA,medio
,0.665,0.353,0.632,0.0,,1787595546408.5369,27.12,-13.2,11.18,1.4,1787595546408.5369,False,,,2,OP1,C1_WIFI_SIN_CARGA,medio
,0.659,0.349,0.632,0.0,,1787595546436.515,27.12,-12.72,10.94,1.4,1787595546436.515,False,,,2,OP1,C1_WIFI_SIN_CARGA,medio
,0.651,0.346,0.632,0.0,,1787595546469.0364,27.12,-12.08,10.76,1.4,1787595546469.0364,False,,,2,OP1,C1_WIFI_SIN_CARGA,medio
,0.645,0.341,0.632,0.0,,1787595546515.9373,27.12,-11.6,10.46,1.4,1787595546515.9373,False,,,2,OP1,C1_WIFI_SIN_CARGA,medio
,0.643,0.341,0.632,0.0,,1787595546547.2097,27.12,-11.44,10.46,1.4,1787595546547.2097,False,,,2,OP1,C1_WIFI_SIN_CARGA,medio
,0.642,0.341,0.632,0.0,,1787595546574.4102,27.12,-11.36,10.46,1.4,1787595546574.4102,False,,,2,OP1,C1_WIFI_SIN_CARGA,medio
,0.642,0.34,0.632,0.0,,1787595546605.6636,27.12,-11.36,10.4,1.4,1787595546605.6636,False,,,2,OP1,C1_WIFI_SIN_CARGA,medio
,0.642,0.34,0.631,0.0,,1787595546633.8042,27.085,-11.36,10.4,1.4,1787595546635.0933,False,,,2,OP1,C1_WIFI_SIN_CARGA,medio
,0.642,0.339,0.63,0.0,,1787595546662.4316,27.05,-11.36,10.34,1.4,1787595546662.4316,False,,,2,OP1,C1_WIFI_SIN_CARGA,medio
,0.643,0.339,0.629,0.0,,1787595546684.1318,27.015,-11.44,10.34,1.4,1787595546684.1318,False,,,2,OP1,C1_WIFI_SIN_CARGA,medio
,0.643,0.339,0.628,0.0,,1787595546716.1,26.98,-11.44,10.34,1.4,1787595546716.1,False,,,2,OP1,C1_WIFI_SIN_CARGA,medio
,0.643,0.34,0.627,0.0,,1787595546744.035,26.945,-11.44,10.4,1.4,1787595546746.8232,False,,,2,OP1,C1_WIFI_SIN_CARGA,medio
,0.644,0.34,0.625,0.0,,1787595546772.9055,26.875,-11.52,10.4,1.4,1787595546772.9055,False,,,2,OP1,C1_WIFI_SIN_CARGA,medio
,0.645,0.339,0.623,0.0,,1787595546802.0833,26.805,-11.6,10.34,1.4,1787595546802.9954,False,,,2,OP1,C1_WIFI_SIN_CARGA,medio
,0.647,0.339,0.62,0.0,,1787595546826.0906,26.7,-11.76,10.34,1.4,1787595546826.0906,False,,,2,OP1,C1_WIFI_SIN_CARGA,medio
,0.647,0.338,0.62,0.0,,1787595546854.6443,26.7,-11.76,10.28,1.4,1787595546854.6443,False,,,2,OP1,C1_WIFI_SIN_CARGA,medio
,0.647,0.337,0.619,0.0,,1787595546884.427,26.665,-11.76,10.22,1.4,1787595546884.427,False,,,2,OP1,C1_WIFI_SIN_CARGA,medio
,0.647,0.334,0.619,0.0,,1787595546910.545,26.665,-11.76,10.04,1.4,1787595546910.545,False,,,2,OP1,C1_WIFI_SIN_CARGA,medio
,0.648,0.33,0.62,0.0,,1787595546940.2068,26.7,-11.84,9.8,1.4,1787595546940.2068,False,,,2,OP1,C1_WIFI_SIN_CARGA,medio
,0.648,0.323,0.62,0.0,,1787595546968.621,26.7,-11.84,9.38,1.4,1787595546970.6172,False,,,2,OP1,C1_WIFI_SIN_CARGA,medio
,0.649,0.315,0.62,0.0,,1787595546996.766,26.7,-11.92,8.9,1.4,1787595546996.766,False,,,2,OP1,C1_WIFI_SIN_CARGA,medio
,0.651,0.311,0.618,0.0,,1787595547018.439,26.63,-12.08,8.66,1.4,1787595547018.439,False,,,2,OP1,C1_WIFI_SIN_CARGA,medio
,0.652,0.311,0.618,0.0,,1787595547046.6497,26.63,-12.16,8.66,1.4,1787595547052.855,False,,,2,OP1,C1_WIFI_SIN_CARGA,medio
,0.653,0.311,0.617,0.0,,1787595547079.203,26.595,-12.24,8.66,1.4,1787595547079.203,False,,,2,OP1,C1_WIFI_SIN_CARGA,medio
,0.654,0.311,0.617,0.0,,1787595547107.5117,26.595,-12.32,8.66,1.4,1787595547107.5117,False,,,2,OP1,C1_WIFI_SIN_CARGA,medio
,0.658,0.314,0.616,0.0,,1787595547134.9995,26.56,-12.64,8.84,1.4,1787595547138.4543,False,,,2,OP1,C1_WIFI_SIN_CARGA,medio
,0.666,0.323,0.612,0.0,,1787595547187.2864,26.42,-13.28,9.38,1.4,1787595547187.2864,False,,,2,OP1,C1_WIFI_SIN_CARGA,medio
,0.671,0.331,0.611,0.0,,1787595547215.3127,26.385,-13.68,9.86,1.4,1787595547215.3127,False,,,2,OP1,C1_WIFI_SIN_CARGA,medio
,0.674,0.338,0.611,0.0,,1787595547246.7085,26.385,-13.92,10.28,1.4,1787595547246.7085,False,,,2,OP1,C1_WIFI_SIN_CARGA,medio
,0.675,0.345,0.611,0.0,,1787595547275.1353,26.385,-14.0,10.7,1.4,1787595547277.1458,False,,,2,OP1,C1_WIFI_SIN_CARGA,medio
,0.675,0.351,0.614,0.0,,1787595547298.2856,26.49,-14.0,11.06,1.4,1787595547298.2856,False,,,2,OP1,C1_WIFI_SIN_CARGA,medio
,0.675,0.354,0.616,0.0,,1787595547327.5662,26.56,-14.0,11.24,1.4,1787595547327.5662,False,,,2,OP1,C1_WIFI_SIN_CARGA,medio
,0.674,0.355,0.616,0.0,,1787595547354.866,26.56,-13.92,11.3,1.4,1787595547354.866,False,,,2,OP1,C1_WIFI_SIN_CARGA,medio
,0.674,0.355,0.617,0.0,,1787595547377.441,26.595,-13.92,11.3,1.4,1787595547386.8032,False,,,2,OP1,C1_WIFI_SIN_CARGA,medio
,0.673,0.355,0.617,0.0,,1787595547413.1785,26.595,-13.84,11.3,1.4,1787595547413.1785,False,,,2,OP1,C1_WIFI_SIN_CARGA,medio
,0.672,0.355,0.617,0.0,,1787595547441.369,26.595,-13.76,11.3,1.4,1787595547443.5735,False,,,2,OP1,C1_WIFI_SIN_CARGA,medio
,0.671,0.354,0.617,0.0,,1787595547468.276,26.595,-13.68,11.24,1.4,1787595547470.2937,False,,,2,OP1,C1_WIFI_SIN_CARGA,medio
,0.671,0.353,0.618,0.0,,1787595547496.8894,26.63,-13.68,11.18,1.4,1787595547496.8894,False,,,2,OP1,C1_WIFI_SIN_CARGA,medio
,0.67,0.352,0.619,0.0,,1787595547525.3918,26.665,-13.6,11.12,1.4,1787595547525.3918,False,,,2,OP1,C1_WIFI_SIN_CARGA,medio
,0.67,0.352,0.619,0.0,,1787595547550.8057,26.665,-13.6,11.12,1.4,1787595547550.8057,False,,,2,OP1,C1_WIFI_SIN_CARGA,medio
,0.669,0.349,0.622,0.0,,1787595547579.823,26.77,-13.52,10.94,1.4,1787595547579.823,False,,,2,OP1,C1_WIFI_SIN_CARGA,medio
,0.668,0.346,0.626,0.0,,1787595547609.121,26.91,-13.44,10.76,1.4,1787595547611.1323,False,,,2,OP1,C1_WIFI_SIN_CARGA,medio
,0.667,0.34,0.632,0.0,,1787595547657.2756,27.12,-13.36,10.4,1.4,1787595547657.2756,False,,,2,OP1,C1_WIFI_SIN_CARGA,medio
,0.666,0.339,0.633,0.0,,1787595547691.0266,27.155,-13.28,10.34,1.4,1787595547691.0266,False,,,2,OP1,C1_WIFI_SIN_CARGA,medio
,0.666,0.337,0.633,0.0,,1787595547717.4795,27.155,-13.28,10.22,1.4,1787595547717.4795,False,,,2,OP1,C1_WIFI_SIN_CARGA,medio
,0.666,0.336,0.634,0.0,,1787595547748.876,27.19,-13.28,10.16,1.4,1787595547748.876,False,,,2,OP1,C1_WIFI_SIN_CARGA,medio
,0.666,0.336,0.634,0.0,,1787595547778.5596,27.19,-13.28,10.16,1.4,1787595547778.5596,False,,,2,OP1,C1_WIFI_SIN_CARGA,medio
,0.666,0.335,0.635,0.0,,1787595547830.998,27.225,-13.28,10.1,1.4,1787595547830.998,False,,,2,OP1,C1_WIFI_SIN_CARGA,medio
,0.667,0.333,0.635,0.0,,1787595547857.9436,27.225,-13.36,9.98,1.4,1787595547857.9436,False,,,2,OP1,C1_WIFI_SIN_CARGA,medio
,0.667,0.333,0.635,0.0,,1787595547886.225,27.225,-13.36,9.98,1.4,1787595547886.225,False,,,2,OP1,C1_WIFI_SIN_CARGA,medio
,0.667,0.333,0.635,0.0,,1787595547915.6504,27.225,-13.36,9.98,1.4,1787595547915.6504,False,,,2,OP1,C1_WIFI_SIN_CARGA,medio
,0.668,0.332,0.635,0.0,,1787595547942.9546,27.225,-13.44,9.92,1.4,1787595547943.8818,False,,,2,OP1,C1_WIFI_SIN_CARGA,medio
,0.668,0.331,0.636,0.0,,1787595547969.923,27.26,-13.44,9.86,1.4,1787595547969.923,False,,,2,OP1,C1_WIFI_SIN_CARGA,medio
,0.668,0.33,0.637,0.0,,1787595547996.8215,27.295,-13.44,9.8,1.4,1787595547996.8215,False,,,2,OP1,C1_WIFI_SIN_CARGA,medio
,0.669,0.328,0.639,0.0,,1787595548026.3352,27.365,-13.52,9.68,1.4,1787595548026.3352,False,,,2,OP1,C1_WIFI_SIN_CARGA,medio
,0.67,0.326,0.641,0.0,,1787595548049.033,27.435,-13.6,9.56,1.4,1787595548049.033,False,,,2,OP1,C1_WIFI_SIN_CARGA,medio
,0.67,0.325,0.642,0.0,,1787595548082.36,27.47,-13.6,9.5,1.4,1787595548082.36,False,,,2,OP1,C1_WIFI_SIN_CARGA,medio
,0.671,0.325,0.643,0.0,,1787595548110.9702,27.505,-13.68,9.5,1.4,1787595548110.9702,False,,,2,OP1,C1_WIFI_SIN_CARGA,medio
,0.672,0.326,0.645,0.0,,1787595548163.1216,27.575,-13.76,9.56,1.4,1787595548163.1216,False,,,2,OP1,C1_WIFI_SIN_CARGA,medio
,0.672,0.326,0.645,0.0,,1787595548183.5664,27.575,-13.76,9.56,1.4,1787595548194.8398,False,,,2,OP1,C1_WIFI_SIN_CARGA,medio
,0.673,0.326,0.646,0.0,,1787595548220.5496,27.61,-13.84,9.56,1.4,1787595548220.5496,False,,,2,OP1,C1_WIFI_SIN_CARGA,medio
,0.674,0.326,0.647,0.0,,1787595548249.5732,27.645,-13.92,9.56,1.4,1787595548249.5732,False,,,2,OP1,C1_WIFI_SIN_CARGA,medio
,0.675,0.326,0.648,0.0,,1787595548277.458,27.68,-14.0,9.56,1.4,1787595548277.458,False,,,2,OP1,C1_WIFI_SIN_CARGA,medio
,0.677,0.325,0.651,0.0,,1787595548297.8745,27.785,-14.16,9.5,1.4,1787595548297.8745,False,,,2,OP1,C1_WIFI_SIN_CARGA,medio
,0.678,0.325,0.653,0.0,,1787595548330.4983,27.855,-14.24,9.5,1.4,1787595548330.4983,False,,,2,OP1,C1_WIFI_SIN_CARGA,medio
,0.678,0.324,0.655,0.0,,1787595548358.7393,27.925,-14.24,9.44,1.4,1787595548358.7393,False,,,2,OP1,C1_WIFI_SIN_CARGA,medio
,0.678,0.322,0.659,0.0,,1787595548387.8457,28.065,-14.24,9.32,1.4,1787595548387.8457,False,,,2,OP1,C1_WIFI_SIN_CARGA,medio
,0.677,0.32,0.663,0.0,,1787595548417.1572,28.205,-14.16,9.2,1.4,1787595548417.1572,False,,,2,OP1,C1_WIFI_SIN_CARGA,medio
,0.676,0.319,0.666,0.0,,1787595548444.794,28.31,-14.08,9.14,1.4,1787595548444.794,False,,,2,OP1,C1_WIFI_SIN_CARGA,medio
,0.675,0.318,0.668,0.0,,1787595548464.8064,28.38,-14.0,9.08,1.4,1787595548464.8064,False,,,2,OP1,C1_WIFI_SIN_CARGA,medio
,0.673,0.317,0.671,0.0,,1787595548496.7998,28.485,-13.84,9.02,1.4,1787595548496.7998,False,,,2,OP1,C1_WIFI_SIN_CARGA,medio
,0.672,0.316,0.673,0.0,,1787595548524.302,28.555,-13.76,8.96,1.4,1787595548524.302,False,,,2,OP1,C1_WIFI_SIN_CARGA,medio
,0.671,0.315,0.675,0.0,,1787595548554.4382,28.625,-13.68,8.9,1.4,1787595548554.4382,False,,,2,OP1,C1_WIFI_SIN_CARGA,medio
,0.67,0.315,0.675,0.0,,1787595548583.7056,28.625,-13.6,8.9,1.4,1787595548583.7056,False,,,2,OP1,C1_WIFI_SIN_CARGA,medio
,0.67,0.314,0.676,0.0,,1787595548607.4143,28.66,-13.6,8.84,1.4,1787595548607.4143,False,,,2,OP1,C1_WIFI_SIN_CARGA,medio
,0.67,0.314,0.677,0.0,,1787595548631.9883,28.695,-13.6,8.84,1.4,1787595548631.9883,False,,,2,OP1,C1_WIFI_SIN_CARGA,medio
,0.67,0.312,0.68,0.0,,1787595548665.5093,28.8,-13.6,8.72,1.4,1787595548665.5093,False,,,2,OP1,C1_WIFI_SIN_CARGA,medio
,0.671,0.311,0.68,0.0,,1787595548689.9077,28.8,-13.68,8.66,1.4,1787595548689.9077,False,,,2,OP1,C1_WIFI_SIN_CARGA,medio
,0.671,0.311,0.681,0.0,,1787595548719.9646,28.835,-13.68,8.66,1.4,1787595548719.9646,False,,,2,OP1,C1_WIFI_SIN_CARGA,medio
,0.672,0.31,0.682,0.0,,1787595548747.3923,28.87,-13.76,8.6,1.4,1787595548747.3923,False,,,2,OP1,C1_WIFI_SIN_CARGA,medio
,0.672,0.31,0.683,0.0,,1787595548777.3066,28.905,-13.76,8.6,1.4,1787595548777.3066,False,,,2,OP1,C1_WIFI_SIN_CARGA,medio
,0.672,0.31,0.684,0.0,,1787595548833.4326,28.94,-13.76,8.6,1.4,1787595548833.4326,False,,,2,OP1,C1_WIFI_SIN_CARGA,medio
,0.673,0.31,0.683,0.0,,1787595548862.276,28.905,-13.84,8.6,1.4,1787595548862.276,False,,,2,OP1,C1_WIFI_SIN_CARGA,medio
,0.675,0.309,0.683,0.0,,1787595548917.8682,28.905,-14.0,8.54,1.4,1787595548918.8647,False,,,2,OP1,C1_WIFI_SIN_CARGA,medio
,0.677,0.308,0.683,0.0,,1787595548946.7893,28.905,-14.16,8.48,1.4,1787595548946.7893,False,,,2,OP1,C1_WIFI_SIN_CARGA,medio
,0.68,0.307,0.683,0.0,,1787595548997.046,28.905,-14.4,8.42,1.4,1787595548997.046,False,,,2,OP1,C1_WIFI_SIN_CARGA,medio
,0.682,0.306,0.683,0.0,,1787595549029.7725,28.905,-14.56,8.36,1.4,1787595549029.7725,False,,,2,OP1,C1_WIFI_SIN_CARGA,medio
,0.686,0.305,0.683,0.0,,1787595549082.2117,28.905,-14.88,8.3,1.4,1787595549082.2117,False,,,2,OP1,C1_WIFI_SIN_CARGA,medio
,0.688,0.306,0.682,0.0,,1787595549105.2058,28.87,-15.04,8.36,1.4,1787595549105.2058,False,,,2,OP1,C1_WIFI_SIN_CARGA,medio
,0.691,0.305,0.682,0.0,,1787595549133.9055,28.87,-15.28,8.3,1.4,1787595549133.9055,False,,,2,OP1,C1_WIFI_SIN_CARGA,medio
,0.693,0.305,0.68,0.0,,1787595549167.6985,28.8,-15.44,8.3,1.4,1787595549167.6985,False,,,2,OP1,C1_WIFI_SIN_CARGA,medio
,0.695,0.305,0.679,0.0,,1787595549196.6584,28.765,-15.6,8.3,1.4,1787595549197.4973,False,,,2,OP1,C1_WIFI_SIN_CARGA,medio
,0.697,0.304,0.681,0.0,,1787595549217.164,28.835,-15.76,8.24,1.4,1787595549217.164,False,,,2,OP1,C1_WIFI_SIN_CARGA,medio
,0.699,0.302,0.681,0.0,,1787595549252.0256,28.835,-15.92,8.12,1.4,1787595549252.0256,False,,,2,OP1,C1_WIFI_SIN_CARGA,medio
,0.7,0.301,0.682,0.0,,1787595549279.7024,28.87,-16.0,8.06,1.4,1787595549280.216,False,,,2,OP1,C1_WIFI_SIN_CARGA,medio
,0.702,0.299,0.683,0.0,,1787595549336.0808,28.905,-16.16,7.94,1.4,1787595549338.0957,False,,,2,OP1,C1_WIFI_SIN_CARGA,medio
,0.703,0.299,0.683,0.0,,1787595549357.8833,28.905,-16.24,7.94,1.4,1787595549357.8833,False,,,2,OP1,C1_WIFI_SIN_CARGA,medio
,0.703,0.298,0.684,0.0,,1787595549383.6494,28.94,-16.24,7.88,1.4,1787595549383.6494,False,,,2,OP1,C1_WIFI_SIN_CARGA,medio
,0.703,0.298,0.685,0.0,,1787595549419.222,28.975,-16.24,7.88,1.4,1787595549419.222,False,,,2,OP1,C1_WIFI_SIN_CARGA,medio
,0.704,0.298,0.686,0.0,,1787595549446.8313,29.01,-16.32,7.88,1.4,1787595549446.8313,False,,,2,OP1,C1_WIFI_SIN_CARGA,medio
,0.704,0.297,0.687,0.0,,1787595549469.691,29.045,-16.32,7.82,1.4,1787595549469.691,False,,,2,OP1,C1_WIFI_SIN_CARGA,medio
,0.704,0.297,0.688,0.0,,1787595549501.8513,29.08,-16.32,7.82,1.4,1787595549501.8513,False,,,2,OP1,C1_WIFI_SIN_CARGA,medio
,0.706,0.294,0.691,0.0,,1787595549557.725,29.185,-16.48,7.64,1.4,1787595549557.725,False,,,2,OP1,C1_WIFI_SIN_CARGA,medio
,0.706,0.293,0.691,0.0,,1787595549581.9246,29.185,-16.48,7.58,1.4,1787595549587.587,False,,,2,OP1,C1_WIFI_SIN_CARGA,medio
,0.706,0.293,0.692,0.0,,1787595549606.6177,29.22,-16.48,7.58,1.4,1787595549606.6177,False,,,2,OP1,C1_WIFI_SIN_CARGA,medio
,0.706,0.293,0.692,0.0,,1787595549634.2546,29.22,-16.48,7.58,1.4,1787595549634.2546,False,,,2,OP1,C1_WIFI_SIN_CARGA,medio
,0.705,0.293,0.692,0.0,,1787595549663.4238,29.22,-16.4,7.58,1.4,1787595549663.4238,False,,,2,OP1,C1_WIFI_SIN_CARGA,medio
,0.705,0.293,0.692,0.0,,1787595549697.2312,29.22,-16.4,7.58,1.4,1787595549698.2505,False,,,2,OP1,C1_WIFI_SIN_CARGA,medio
,0.704,0.293,0.692,0.0,,1787595549724.5295,29.22,-16.32,7.58,1.4,1787595549724.5295,False,,,2,OP1,C1_WIFI_SIN_CARGA,medio
,0.704,0.293,0.692,0.0,,1787595549747.214,29.22,-16.32,7.58,1.4,1787595549747.214,False,,,2,OP1,C1_WIFI_SIN_CARGA,medio
,0.704,0.293,0.692,0.0,,1787595549779.2295,29.22,-16.32,7.58,1.4,1787595549779.2295,False,,,2,OP1,C1_WIFI_SIN_CARGA,medio
,0.703,0.292,0.692,0.0,,1787595549800.7576,29.22,-16.24,7.52,1.4,1787595549800.7576,False,,,2,OP1,C1_WIFI_SIN_CARGA,medio
,0.703,0.292,0.692,0.0,,1787595549836.3677,29.22,-16.24,7.52,1.4,1787595549836.3677,False,,,2,OP1,C1_WIFI_SIN_CARGA,medio
,0.703,0.291,0.693,0.0,,1787595549860.5095,29.255,-16.24,7.46,1.4,1787595549865.846,False,,,2,OP1,C1_WIFI_SIN_CARGA,medio
,0.703,0.29,0.693,0.0,,1787595549884.9414,29.255,-16.24,7.4,1.4,1787595549884.9414,False,,,2,OP1,C1_WIFI_SIN_CARGA,medio
,0.702,0.289,0.694,0.0,,1787595549911.1873,29.29,-16.16,7.34,1.4,1787595549921.5388,False,,,2,OP1,C1_WIFI_SIN_CARGA,medio
,0.702,0.288,0.695,0.0,,1787595549948.0557,29.325,-16.16,7.28,1.4,1787595549948.0557,False,,,2,OP1,C1_WIFI_SIN_CARGA,medio
,0.702,0.287,0.695,0.0,,1787595549998.9966,29.325,-16.16,7.22,1.4,1787595549998.9966,False,,,2,OP1,C1_WIFI_SIN_CARGA,medio
,0.702,0.286,0.695,0.0,,1787595550023.7063,29.325,-16.16,7.16,1.4,1787595550023.7063,False,,,2,OP1,C1_WIFI_SIN_CARGA,medio
,0.702,0.285,0.694,0.0,,1787595550052.2373,29.29,-16.16,7.1,1.4,1787595550052.2373,False,,,2,OP1,C1_WIFI_SIN_CARGA,medio
,0.702,0.284,0.694,0.0,,1787595550087.7542,29.29,-16.16,7.04,1.4,1787595550088.14,False,,,2,OP1,C1_WIFI_SIN_CARGA,medio
,0.702,0.283,0.694,0.0,,1787595550115.6855,29.29,-16.16,6.98,1.4,1787595550115.6855,False,,,2,OP1,C1_WIFI_SIN_CARGA,medio
,0.703,0.278,0.695,0.0,,1787595550161.7437,29.325,-16.24,6.68,1.4,1787595550171.8784,False,,,2,OP1,C1_WIFI_SIN_CARGA,medio
,0.704,0.276,0.697,0.0,,1787595550190.9937,29.395,-16.32,6.56,1.4,1787595550199.3564,False,,,2,OP1,C1_WIFI_SIN_CARGA,medio
,0.704,0.273,0.698,0.0,,1787595550218.4402,29.43,-16.32,6.38,1.4,1787595550218.4402,False,,,2,OP1,C1_WIFI_SIN_CARGA,medio
,0.704,0.271,0.701,0.0,,1787595550247.099,29.535,-16.32,6.26,1.4,1787595550247.099,False,,,2,OP1,C1_WIFI_SIN_CARGA,medio
,0.704,0.269,0.702,0.0,,1787595550276.548,29.57,-16.32,6.14,1.4,1787595550276.548,False,,,2,OP1,C1_WIFI_SIN_CARGA,medio
,0.704,0.268,0.702,0.0,,1787595550299.274,29.57,-16.32,6.08,1.4,1787595550299.274,False,,,2,OP1,C1_WIFI_SIN_CARGA,medio
,0.703,0.264,0.705,0.0,,1787595550333.9636,29.675,-16.24,5.84,1.4,1787595550333.9636,False,,,2,OP1,C1_WIFI_SIN_CARGA,medio
,0.702,0.261,0.707,0.0,,1787595550365.5005,29.745,-16.16,5.66,1.4,1787595550367.5088,False,,,2,OP1,C1_WIFI_SIN_CARGA,medio
,0.7,0.256,0.707,0.0,,1787595550413.76,29.745,-16.0,5.36,1.4,1787595550413.76,False,,,2,OP1,C1_WIFI_SIN_CARGA,medio
,0.698,0.253,0.706,0.0,,1787595550447.6355,29.71,-15.84,5.18,1.4,1787595550447.6355,False,,,2,OP1,C1_WIFI_SIN_CARGA,medio
,0.697,0.251,0.705,0.0,,1787595550475.3445,29.675,-15.76,5.06,1.4,1787595550475.3445,False,,,2,OP1,C1_WIFI_SIN_CARGA,medio
,0.695,0.249,0.704,0.0,,1787595550504.9932,29.64,-15.6,4.94,1.4,1787595550504.9932,False,,,2,OP1,C1_WIFI_SIN_CARGA,medio
,0.695,0.248,0.704,0.0,,1787595550530.8892,29.64,-15.6,4.88,1.4,1787595550533.078,False,,,2,OP1,C1_WIFI_SIN_CARGA,medio
,0.696,0.247,0.704,0.0,,1787595550557.5657,29.64,-15.68,4.82,1.4,1787595550562.5676,False,,,2,OP1,C1_WIFI_SIN_CARGA,medio
,0.696,0.245,0.704,0.0,,1787595550580.8528,29.64,-15.68,4.7,1.4,1787595550580.8528,False,,,2,OP1,C1_WIFI_SIN_CARGA,medio
,0.697,0.245,0.705,0.0,,1787595550613.1218,29.675,-15.76,4.7,1.4,1787595550613.1218,False,,,2,OP1,C1_WIFI_SIN_CARGA,medio
,0.697,0.244,0.705,0.0,,1787595550634.392,29.675,-15.76,4.64,1.4,1787595550634.392,False,,,2,OP1,C1_WIFI_SIN_CARGA,medio
,0.698,0.244,0.705,0.0,,1787595550671.5762,29.675,-15.84,4.64,1.4,1787595550672.6758,False,,,2,OP1,C1_WIFI_SIN_CARGA,medio
,0.698,0.243,0.705,0.0,,1787595550700.3652,29.675,-15.84,4.58,1.4,1787595550700.3652,False,,,2,OP1,C1_WIFI_SIN_CARGA,medio
,0.698,0.242,0.705,0.0,,1787595550726.9846,29.675,-15.84,4.52,1.4,1787595550731.0962,False,,,2,OP1,C1_WIFI_SIN_CARGA,medio
,0.699,0.242,0.705,0.0,,1787595550749.3728,29.675,-15.92,4.52,1.4,1787595550749.3728,False,,,2,OP1,C1_WIFI_SIN_CARGA,medio
,0.699,0.241,0.705,0.0,,1787595550782.528,29.675,-15.92,4.46,1.4,1787595550782.528,False,,,2,OP1,C1_WIFI_SIN_CARGA,medio
,0.7,0.24,0.704,0.0,,1787595550808.7068,29.64,-16.0,4.4,1.4,1787595550808.7068,False,,,2,OP1,C1_WIFI_SIN_CARGA,medio
,0.7,0.24,0.704,0.0,,1787595550838.3853,29.64,-16.0,4.4,1.4,1787595550838.3853,False,,,2,OP1,C1_WIFI_SIN_CARGA,medio
,0.7,0.239,0.704,0.0,,1787595550867.1392,29.64,-16.0,4.34,1.4,1787595550867.1392,False,,,2,OP1,C1_WIFI_SIN_CARGA,medio
,0.702,0.237,0.705,0.0,,1787595550916.6934,29.675,-16.16,4.22,1.4,1787595550916.6934,False,,,2,OP1,C1_WIFI_SIN_CARGA,medio
,0.703,0.237,0.705,0.0,,1787595550949.5366,29.675,-16.24,4.22,1.4,1787595550949.5366,False,,,2,OP1,C1_WIFI_SIN_CARGA,medio
,0.704,0.235,0.706,0.0,,1787595550977.7473,29.71,-16.32,4.1,1.4,1787595550977.7473,False,,,2,OP1,C1_WIFI_SIN_CARGA,medio
,0.705,0.233,0.708,0.0,,1787595551005.4404,29.78,-16.4,3.98,1.4,1787595551005.4404,False,,,2,OP1,C1_WIFI_SIN_CARGA,medio
,0.705,0.232,0.709,0.0,,1787595551033.6333,29.815,-16.4,3.92,1.4,1787595551035.757,False,,,2,OP1,C1_WIFI_SIN_CARGA,medio
,0.707,0.23,0.71,0.0,,1787595551053.7058,29.85,-16.56,3.8,1.4,1787595551053.7058,False,,,2,OP1,C1_WIFI_SIN_CARGA,medio
,0.707,0.23,0.71,0.0,,1787595551085.9124,29.85,-16.56,3.8,1.4,1787595551085.9124,False,,,2,OP1,C1_WIFI_SIN_CARGA,medio
,0.708,0.229,0.711,0.0,,1787595551117.3467,29.885,-16.64,3.74,1.4,1787595551117.939,False,,,2,OP1,C1_WIFI_SIN_CARGA,medio
,0.708,0.229,0.712,0.0,,1787595551144.327,29.92,-16.64,3.74,1.4,1787595551144.327,False,,,2,OP1,C1_WIFI_SIN_CARGA,medio
,0.709,0.228,0.712,0.0,,1787595551172.9329,29.92,-16.72,3.68,1.4,1787595551172.9329,False,,,2,OP1,C1_WIFI_SIN_CARGA,medio
,0.709,0.228,0.713,0.0,,1787595551201.6736,29.955,-16.72,3.68,1.4,1787595551202.699,False,,,2,OP1,C1_WIFI_SIN_CARGA,medio
,0.71,0.229,0.714,0.0,,1787595551252.1318,29.99,-16.8,3.74,1.4,1787595551252.1318,False,,,2,OP1,C1_WIFI_SIN_CARGA,medio
,0.711,0.229,0.714,0.0,,1787595551280.4966,29.99,-16.88,3.74,1.4,1787595551280.4966,False,,,2,OP1,C1_WIFI_SIN_CARGA,medio
,0.712,0.229,0.715,0.0,,1787595551312.0442,30.025,-16.96,3.74,1.4,1787595551312.0442,False,,,2,OP1,C1_WIFI_SIN_CARGA,medio
,0.712,0.228,0.715,0.0,,1787595551339.4043,30.025,-16.96,3.68,1.4,1787595551341.4143,False,,,2,OP1,C1_WIFI_SIN_CARGA,medio
,0.713,0.228,0.716,0.0,,1787595551364.0625,30.06,-17.04,3.68,1.4,1787595551368.9216,False,,,2,OP1,C1_WIFI_SIN_CARGA,medio
,0.714,0.227,0.716,0.0,,1787595551389.6394,30.06,-17.12,3.62,1.4,1787595551396.7417,False,,,2,OP1,C1_WIFI_SIN_CARGA,medio
,0.714,0.227,0.716,0.0,,1787595551421.0496,30.06,-17.12,3.62,1.4,1787595551421.0496,False,,,2,OP1,C1_WIFI_SIN_CARGA,medio
,0.715,0.226,0.717,0.0,,1787595551446.8547,30.095,-17.2,3.56,1.4,1787595551446.8547,False,,,2,OP1,C1_WIFI_SIN_CARGA,medio
,0.715,0.225,0.718,0.0,,1787595551478.3914,30.13,-17.2,3.5,1.4,1787595551478.3914,False,,,2,OP1,C1_WIFI_SIN_CARGA,medio
,0.716,0.223,0.719,0.0,,1787595551507.5598,30.165,-17.28,3.38,1.4,1787595551509.5708,False,,,2,OP1,C1_WIFI_SIN_CARGA,medio
,0.717,0.22,0.721,0.0,,1787595551535.5764,30.235,-17.36,3.2,1.4,1787595551535.5764,False,,,2,OP1,C1_WIFI_SIN_CARGA,medio
,0.717,0.218,0.723,0.0,,1787595551555.8794,30.305,-17.36,3.08,1.4,1787595551555.8794,False,,,2,OP1,C1_WIFI_SIN_CARGA,medio
,0.718,0.217,0.723,0.0,,1787595551588.0586,30.305,-17.44,3.02,1.4,1787595551588.0586,False,,,2,OP1,C1_WIFI_SIN_CARGA,medio
,0.718,0.216,0.724,0.0,,1787595551615.9685,30.34,-17.44,2.96,1.4,1787595551615.9685,False,,,2,OP1,C1_WIFI_SIN_CARGA,medio
,0.718,0.216,0.725,0.0,,1787595551646.0586,30.375,-17.44,2.96,1.4,1787595551646.0586,False,,,2,OP1,C1_WIFI_SIN_CARGA,medio
,0.718,0.215,0.725,0.0,,1787595551674.5369,30.375,-17.44,2.9,1.4,1787595551674.5369,False,,,2,OP1,C1_WIFI_SIN_CARGA,medio
,0.718,0.215,0.725,0.0,,1787595551697.667,30.375,-17.44,2.9,1.4,1787595551697.667,False,,,2,OP1,C1_WIFI_SIN_CARGA,medio
,0.718,0.215,0.725,0.0,,1787595551723.4053,30.375,-17.44,2.9,1.4,1787595551723.4053,False,,,2,OP1,C1_WIFI_SIN_CARGA,medio
,0.718,0.215,0.726,0.0,,1787595551756.938,30.41,-17.44,2.9,1.4,1787595551756.938,False,,,2,OP1,C1_WIFI_SIN_CARGA,medio
,0.718,0.214,0.726,0.0,,1787595551778.5947,30.41,-17.44,2.84,1.4,1787595551778.5947,False,,,2,OP1,C1_WIFI_SIN_CARGA,medio
,0.718,0.214,0.727,0.0,,1787595551811.955,30.445,-17.44,2.84,1.4,1787595551811.955,False,,,2,OP1,C1_WIFI_SIN_CARGA,medio
,0.718,0.213,0.728,0.0,,1787595551840.8828,30.48,-17.44,2.78,1.4,1787595551843.0735,False,,,2,OP1,C1_WIFI_SIN_CARGA,medio
,0.718,0.212,0.729,0.0,,1787595551867.47,30.515,-17.44,2.72,1.4,1787595551871.0732,False,,,2,OP1,C1_WIFI_SIN_CARGA,medio
,0.718,0.211,0.729,0.0,,1787595551896.9622,30.515,-17.44,2.66,1.4,1787595551896.9622,False,,,2,OP1,C1_WIFI_SIN_CARGA,medio
,0.718,0.21,0.73,0.0,,1787595551924.0664,30.55,-17.44,2.6,1.4,1787595551924.0664,False,,,2,OP1,C1_WIFI_SIN_CARGA,medio
,0.718,0.209,0.73,0.0,,1787595551946.9016,30.55,-17.44,2.54,1.4,1787595551946.9016,False,,,2,OP1,C1_WIFI_SIN_CARGA,medio
,0.719,0.207,0.731,0.0,,1787595551979.652,30.585,-17.52,2.42,1.4,1787595551979.652,False,,,2,OP1,C1_WIFI_SIN_CARGA,medio
,0.719,0.205,0.731,0.0,,1787595552007.9194,30.585,-17.52,2.3,1.4,1787595552008.9211,False,,,2,OP1,C1_WIFI_SIN_CARGA,medio
,0.719,0.204,0.731,0.0,,1787595552036.1057,30.585,-17.52,2.24,1.4,1787595552036.1057,False,,,2,OP1,C1_WIFI_SIN_CARGA,medio
,0.718,0.203,0.732,0.0,,1787595552059.2878,30.62,-17.44,2.18,1.4,1787595552059.2878,False,,,2,OP1,C1_WIFI_SIN_CARGA,medio
,0.718,0.202,0.732,0.0,,1787595552085.2476,30.62,-17.44,2.12,1.4,1787595552093.008,False,,,2,OP1,C1_WIFI_SIN_CARGA,medio
,0.718,0.201,0.732,0.0,,1787595552118.904,30.62,-17.44,2.06,1.4,1787595552118.904,False,,,2,OP1,C1_WIFI_SIN_CARGA,medio
,0.718,0.2,0.731,0.0,,1787595552147.0051,30.585,-17.44,2.0,1.4,1787595552147.0051,False,,,2,OP1,C1_WIFI_SIN_CARGA,medio
,0.719,0.2,0.731,0.0,,1787595552175.6177,30.585,-17.52,2.0,1.4,1787595552175.6177,False,,,2,OP1,C1_WIFI_SIN_CARGA,medio
,0.719,0.2,0.731,0.0,,1787595552196.9893,30.585,-17.52,2.0,1.4,1787595552196.9893,False,,,2,OP1,C1_WIFI_SIN_CARGA,medio
,0.719,0.2,0.731,0.0,,1787595552226.9285,30.585,-17.52,2.0,1.4,1787595552226.9285,False,,,2,OP1,C1_WIFI_SIN_CARGA,medio
,0.72,0.2,0.731,0.0,,1787595552246.9873,30.585,-17.6,2.0,1.4,1787595552246.9873,False,,,2,OP1,C1_WIFI_SIN_CARGA,medio
,0.72,0.2,0.731,0.0,,1787595552282.8628,30.585,-17.6,2.0,1.4,1787595552282.8628,False,,,2,OP1,C1_WIFI_SIN_CARGA,medio
,0.72,0.2,0.732,0.0,,1787595552313.9165,30.62,-17.6,2.0,1.4,1787595552315.9275,False,,,2,OP1,C1_WIFI_SIN_CARGA,medio
,0.72,0.2,0.732,0.0,,1787595552342.984,30.62,-17.6,2.0,1.4,1787595552343.9937,False,,,2,OP1,C1_WIFI_SIN_CARGA,medio
,0.721,0.199,0.733,0.0,,1787595552397.4998,30.655,-17.68,1.94,1.4,1787595552397.4998,False,,,2,OP1,C1_WIFI_SIN_CARGA,medio
,0.721,0.199,0.733,0.0,,1787595552420.5312,30.655,-17.68,1.94,1.4,1787595552420.5312,False,,,2,OP1,C1_WIFI_SIN_CARGA,medio
,0.721,0.198,0.734,0.0,,1787595552451.2417,30.69,-17.68,1.88,1.4,1787595552454.0637,False,,,2,OP1,C1_WIFI_SIN_CARGA,medio
,0.722,0.198,0.734,0.0,,1787595552481.5183,30.69,-17.76,1.88,1.4,1787595552483.5293,False,,,2,OP1,C1_WIFI_SIN_CARGA,medio
,0.722,0.199,0.734,0.0,,1787595552511.0952,30.69,-17.76,1.94,1.4,1787595552511.0952,False,,,2,OP1,C1_WIFI_SIN_CARGA,medio
,0.72,0.195,0.735,0.448,,1787595552562.332,30.725,-17.6,1.7,0.9296,1787595552562.332,False,,,2,OP1,C1_WIFI_SIN_CARGA,medio
,0.72,0.188,0.735,0.767,,1787595552591.3752,30.725,-17.6,1.28,0.5947,1787595552591.3752,False,,,2,OP1,C1_WIFI_SIN_CARGA,medio
,0.719,0.186,0.734,1.0,,1787595552616.4756,30.69,-17.52,1.16,0.35,1787595552616.4756,False,,,2,OP1,C1_WIFI_SIN_CARGA,medio
,0.719,0.184,0.733,1.0,,1787595552647.355,30.655,-17.52,1.04,0.35,1787595552649.369,False,,,2,OP1,C1_WIFI_SIN_CARGA,medio
,0.72,0.184,0.734,1.0,,1787595552677.5552,30.69,-17.6,1.04,0.35,1787595552678.573,False,,,2,OP1,C1_WIFI_SIN_CARGA,medio
,0.722,0.183,0.735,1.0,,1787595552698.7776,30.725,-17.76,0.98,0.35,1787595552698.7776,False,,,2,OP1,C1_WIFI_SIN_CARGA,medio
,0.723,0.184,0.735,1.0,,1787595552730.395,30.725,-17.84,1.04,0.35,1787595552730.395,False,,,2,OP1,C1_WIFI_SIN_CARGA,medio
,0.724,0.185,0.736,1.0,,1787595552752.4067,30.76,-17.92,1.1,0.35,1787595552752.4067,False,,,2,OP1,C1_WIFI_SIN_CARGA,medio
,0.724,0.188,0.737,1.0,,1787595552787.467,30.795,-17.92,1.28,0.35,1787595552789.4758,False,,,2,OP1,C1_WIFI_SIN_CARGA,medio
,0.725,0.192,0.736,1.0,,1787595552815.8232,30.76,-18.0,1.52,0.35,1787595552815.8232,False,,,2,OP1,C1_WIFI_SIN_CARGA,medio
,0.726,0.197,0.736,1.0,,1787595552838.9111,30.76,-18.08,1.82,0.35,1787595552838.9111,False,,,2,OP1,C1_WIFI_SIN_CARGA,medio
,0.726,0.201,0.737,1.0,,1787595552864.6882,30.795,-18.08,2.06,0.35,1787595552864.6882,False,,,2,OP1,C1_WIFI_SIN_CARGA,medio
,0.726,0.205,0.736,1.0,,1787595552898.423,30.76,-18.08,2.3,0.35,1787595552898.423,False,,,2,OP1,C1_WIFI_SIN_CARGA,medio
,0.726,0.207,0.735,1.0,,1787595552926.442,30.725,-18.08,2.42,0.35,1787595552926.442,False,,,2,OP1,C1_WIFI_SIN_CARGA,medio
,0.726,0.208,0.736,1.0,,1787595552954.0918,30.76,-18.08,2.48,0.35,1787595552954.0918,False,,,2,OP1,C1_WIFI_SIN_CARGA,medio
,0.726,0.208,0.735,1.0,,1787595552984.0896,30.725,-18.08,2.48,0.35,1787595552984.498,False,,,2,OP1,C1_WIFI_SIN_CARGA,medio
,0.726,0.208,0.735,1.0,,1787595553007.3677,30.725,-18.08,2.48,0.35,1787595553007.3677,False,,,2,OP1,C1_WIFI_SIN_CARGA,medio
,0.726,0.208,0.735,1.0,,1787595553039.2686,30.725,-18.08,2.48,0.35,1787595553039.2686,False,,,2,OP1,C1_WIFI_SIN_CARGA,medio
,0.727,0.208,0.735,1.0,,1787595553066.5305,30.725,-18.16,2.48,0.35,1787595553066.5305,False,,,2,OP1,C1_WIFI_SIN_CARGA,medio
,0.727,0.208,0.735,1.0,,1787595553087.3198,30.725,-18.16,2.48,0.35,1787595553087.3198,False,,,2,OP1,C1_WIFI_SIN_CARGA,medio
,0.727,0.208,0.736,1.0,,1787595553121.0327,30.76,-18.16,2.48,0.35,1787595553121.0327,False,,,2,OP1,C1_WIFI_SIN_CARGA,medio
,0.727,0.207,0.736,1.0,,1787595553147.061,30.76,-18.16,2.42,0.35,1787595553147.061,False,,,2,OP1,C1_WIFI_SIN_CARGA,medio
,0.727,0.208,0.736,1.0,,1787595553169.1724,30.76,-18.16,2.48,0.35,1787595553169.1724,False,,,2,OP1,C1_WIFI_SIN_CARGA,medio
,0.728,0.208,0.736,1.0,,1787595553202.233,30.76,-18.24,2.48,0.35,1787595553202.233,False,,,2,OP1,C1_WIFI_SIN_CARGA,medio
,0.728,0.208,0.736,1.0,,1787595553225.5996,30.76,-18.24,2.48,0.35,1787595553225.5996,False,,,2,OP1,C1_WIFI_SIN_CARGA,medio
,0.728,0.208,0.736,1.0,,1787595553262.566,30.76,-18.24,2.48,0.35,1787595553262.566,False,,,2,OP1,C1_WIFI_SIN_CARGA,medio
,0.728,0.207,0.737,1.0,,1787595553312.0657,30.795,-18.24,2.42,0.35,1787595553312.0657,False,,,2,OP1,C1_WIFI_SIN_CARGA,medio
,0.728,0.208,0.737,1.0,,1787595553344.302,30.795,-18.24,2.48,0.35,1787595553344.302,False,,,2,OP1,C1_WIFI_SIN_CARGA,medio
,0.729,0.207,0.737,1.0,,1787595553367.3872,30.795,-18.32,2.42,0.35,1787595553367.3872,False,,,2,OP1,C1_WIFI_SIN_CARGA,medio
,0.729,0.207,0.738,1.0,,1787595553400.3284,30.83,-18.32,2.42,0.35,1787595553400.3284,False,,,2,OP1,C1_WIFI_SIN_CARGA,medio
,0.73,0.207,0.738,1.0,,1787595553424.7686,30.83,-18.4,2.42,0.35,1787595553424.7686,False,,,2,OP1,C1_WIFI_SIN_CARGA,medio
,0.73,0.207,0.738,1.0,,1787595553450.3523,30.83,-18.4,2.42,0.35,1787595553450.3523,False,,,2,OP1,C1_WIFI_SIN_CARGA,medio
,0.73,0.207,0.737,1.0,,1787595553475.8865,30.795,-18.4,2.42,0.35,1787595553475.8865,False,,,2,OP1,C1_WIFI_SIN_CARGA,medio
,0.73,0.207,0.737,1.0,,1787595553511.3677,30.795,-18.4,2.42,0.35,1787595553511.3677,False,,,2,OP1,C1_WIFI_SIN_CARGA,medio
,0.731,0.207,0.736,1.0,,1787595553567.2273,30.76,-18.48,2.42,0.35,1787595553567.2273,False,,,2,OP1,C1_WIFI_SIN_CARGA,medio
,0.731,0.207,0.736,1.0,,1787595553590.086,30.76,-18.48,2.42,0.35,1787595553590.086,False,,,2,OP1,C1_WIFI_SIN_CARGA,medio
,0.731,0.208,0.736,1.0,,1787595553615.2002,30.76,-18.48,2.48,0.35,1787595553615.2002,False,,,2,OP1,C1_WIFI_SIN_CARGA,medio
,0.732,0.208,0.735,1.0,,1787595553647.0205,30.725,-18.56,2.48,0.35,1787595553647.0205,False,,,2,OP1,C1_WIFI_SIN_CARGA,medio
,0.733,0.209,0.735,1.0,,1787595553671.6963,30.725,-18.64,2.54,0.35,1787595553671.6963,False,,,2,OP1,C1_WIFI_SIN_CARGA,medio
,0.733,0.209,0.735,1.0,,1787595553705.3484,30.725,-18.64,2.54,0.35,1787595553707.3596,False,,,2,OP1,C1_WIFI_SIN_CARGA,medio
,0.734,0.209,0.734,1.0,,1787595553733.8806,30.69,-18.72,2.54,0.35,1787595553735.8884,False,,,2,OP1,C1_WIFI_SIN_CARGA,medio
,0.735,0.21,0.734,1.0,,1787595553759.484,30.69,-18.8,2.6,0.35,1787595553759.484,False,,,2,OP1,C1_WIFI_SIN_CARGA,medio
,0.735,0.212,0.735,1.0,,1787595553782.2913,30.725,-18.8,2.72,0.35,1787595553782.2913,False,,,2,OP1,C1_WIFI_SIN_CARGA,medio
,0.736,0.213,0.735,1.0,,1787595553812.6873,30.725,-18.88,2.78,0.35,1787595553812.6873,False,,,2,OP1,C1_WIFI_SIN_CARGA,medio
,0.736,0.214,0.736,1.0,,1787595553842.3184,30.76,-18.88,2.84,0.35,1787595553847.0464,False,,,2,OP1,C1_WIFI_SIN_CARGA,medio
,0.736,0.214,0.737,1.0,,1787595553872.8853,30.795,-18.88,2.84,0.35,1787595553872.8853,False,,,2,OP1,C1_WIFI_SIN_CARGA,medio
,0.737,0.215,0.737,1.0,,1787595553900.9883,30.795,-18.96,2.9,0.35,1787595553900.9883,False,,,2,OP1,C1_WIFI_SIN_CARGA,medio
,0.737,0.215,0.737,1.0,,1787595553928.058,30.795,-18.96,2.9,0.35,1787595553928.058,False,,,2,OP1,C1_WIFI_SIN_CARGA,medio
,0.737,0.214,0.737,1.0,,1787595553956.9587,30.795,-18.96,2.84,0.35,1787595553957.9597,False,,,2,OP1,C1_WIFI_SIN_CARGA,medio
,0.737,0.215,0.736,1.0,,1787595553983.9575,30.76,-18.96,2.9,0.35,1787595553983.9575,False,,,2,OP1,C1_WIFI_SIN_CARGA,medio
,0.737,0.215,0.735,1.0,,1787595554006.3298,30.725,-18.96,2.9,0.35,1787595554006.3298,False,,,2,OP1,C1_WIFI_SIN_CARGA,medio
,0.736,0.217,0.735,1.0,,1787595554041.2148,30.725,-18.88,3.02,0.35,1787595554041.2148,False,,,2,OP1,C1_WIFI_SIN_CARGA,medio
,0.735,0.218,0.734,1.0,,1787595554069.0278,30.69,-18.8,3.08,0.35,1787595554069.0278,False,,,2,OP1,C1_WIFI_SIN_CARGA,medio
,0.735,0.218,0.735,1.0,,1787595554096.3374,30.725,-18.8,3.08,0.35,1787595554096.3374,False,,,2,OP1,C1_WIFI_SIN_CARGA,medio
,0.735,0.218,0.735,1.0,,1787595554124.9563,30.725,-18.8,3.08,0.35,1787595554125.8003,False,,,2,OP1,C1_WIFI_SIN_CARGA,medio
,0.735,0.219,0.735,1.0,,1787595554147.578,30.725,-18.8,3.14,0.35,1787595554147.578,False,,,2,OP1,C1_WIFI_SIN_CARGA,medio
,0.735,0.219,0.735,1.0,,1787595554174.2783,30.725,-18.8,3.14,0.35,1787595554174.2783,False,,,2,OP1,C1_WIFI_SIN_CARGA,medio
,0.734,0.219,0.736,1.0,,1787595554208.8289,30.76,-18.72,3.14,0.35,1787595554209.5342,False,,,2,OP1,C1_WIFI_SIN_CARGA,medio
,0.733,0.219,0.737,1.0,,1787595554235.307,30.795,-18.64,3.14,0.35,1787595554235.307,False,,,2,OP1,C1_WIFI_SIN_CARGA,medio
,0.732,0.219,0.737,1.0,,1787595554262.9973,30.795,-18.56,3.14,0.35,1787595554262.9973,False,,,2,OP1,C1_WIFI_SIN_CARGA,medio
,0.732,0.219,0.738,1.0,,1787595554310.7751,30.83,-18.56,3.14,0.35,1787595554321.0603,False,,,2,OP1,C1_WIFI_SIN_CARGA,medio
,0.732,0.22,0.737,1.0,,1787595554347.2063,30.795,-18.56,3.2,0.35,1787595554347.2063,False,,,2,OP1,C1_WIFI_SIN_CARGA,medio
,0.732,0.22,0.737,1.0,,1787595554370.8398,30.795,-18.56,3.2,0.35,1787595554370.8398,False,,,2,OP1,C1_WIFI_SIN_CARGA,medio
,0.732,0.22,0.737,1.0,,1787595554401.979,30.795,-18.56,3.2,0.35,1787595554401.979,False,,,2,OP1,C1_WIFI_SIN_CARGA,medio
,0.732,0.221,0.736,1.0,,1787595554431.3318,30.76,-18.56,3.26,0.35,1787595554431.3318,False,,,2,OP1,C1_WIFI_SIN_CARGA,medio
,0.732,0.221,0.736,1.0,,1787595554458.2104,30.76,-18.56,3.26,0.35,1787595554458.2104,False,,,2,OP1,C1_WIFI_SIN_CARGA,medio
,0.731,0.221,0.735,1.0,,1787595554479.5676,30.725,-18.48,3.26,0.35,1787595554479.5676,False,,,2,OP1,C1_WIFI_SIN_CARGA,medio
,0.731,0.222,0.733,1.0,,1787595554509.7097,30.655,-18.48,3.32,0.35,1787595554509.7097,False,,,2,OP1,C1_WIFI_SIN_CARGA,medio
,0.73,0.223,0.731,1.0,,1787595554539.3047,30.585,-18.4,3.38,0.35,1787595554544.4062,False,,,2,OP1,C1_WIFI_SIN_CARGA,medio
,0.729,0.224,0.73,1.0,,1787595554568.973,30.55,-18.32,3.44,0.35,1787595554568.973,False,,,2,OP1,C1_WIFI_SIN_CARGA,medio
,0.729,0.224,0.729,1.0,,1787595554597.329,30.515,-18.32,3.44,0.35,1787595554598.8552,False,,,2,OP1,C1_WIFI_SIN_CARGA,medio
,0.728,0.224,0.728,1.0,,1787595554626.1946,30.48,-18.24,3.44,0.35,1787595554626.1946,False,,,2,OP1,C1_WIFI_SIN_CARGA,medio
,0.728,0.225,0.728,1.0,,1787595554646.8398,30.48,-18.24,3.5,0.35,1787595554646.8398,False,,,2,OP1,C1_WIFI_SIN_CARGA,medio
,0.729,0.225,0.727,1.0,,1787595554678.4368,30.445,-18.32,3.5,0.35,1787595554678.4368,False,,,2,OP1,C1_WIFI_SIN_CARGA,medio
,0.73,0.226,0.727,1.0,,1787595554706.9807,30.445,-18.4,3.56,0.35,1787595554706.9807,False,,,2,OP1,C1_WIFI_SIN_CARGA,medio
,0.731,0.232,0.723,1.0,,1787595554736.3867,30.305,-18.48,3.92,0.35,1787595554736.3867,False,,,2,OP1,C1_WIFI_SIN_CARGA,medio
,0.732,0.241,0.718,1.0,,1787595554765.7007,30.13,-18.56,4.46,0.35,1787595554766.2913,False,,,2,OP1,C1_WIFI_SIN_CARGA,medio
,0.731,0.259,0.707,1.0,,1787595554814.1636,29.745,-18.48,5.54,0.35,1787595554814.1636,False,,,2,OP1,C1_WIFI_SIN_CARGA,medio
,0.731,0.266,0.702,1.0,,1787595554848.2417,29.57,-18.48,5.96,0.35,1787595554848.2417,False,,,2,OP1,C1_WIFI_SIN_CARGA,medio
,0.729,0.275,0.696,1.0,,1787595554874.706,29.36,-18.32,6.5,0.35,1787595554874.706,False,,,2,OP1,C1_WIFI_SIN_CARGA,medio
,0.724,0.287,0.69,1.0,,1787595554902.7822,29.15,-17.92,7.22,0.35,1787595554904.79,False,,,2,OP1,C1_WIFI_SIN_CARGA,medio
,0.718,0.307,0.674,1.0,,1787595554932.5286,28.59,-17.44,8.42,0.35,1787595554932.5286,False,,,2,OP1,C1_WIFI_SIN_CARGA,medio
,0.711,0.326,0.663,1.0,,1787595554958.8286,28.205,-16.88,9.56,0.35,1787595554958.8286,False,,,2,OP1,C1_WIFI_SIN_CARGA,medio
,0.704,0.343,0.654,1.0,,1787595554982.501,27.89,-16.32,10.58,0.35,1787595554982.501,False,,,2,OP1,C1_WIFI_SIN_CARGA,medio
,0.695,0.372,0.632,1.0,,1787595555015.4836,27.12,-15.6,12.32,0.35,1787595555015.4836,False,,,2,OP1,C1_WIFI_SIN_CARGA,medio
,0.685,0.398,0.613,1.0,,1787595555042.923,26.455,-14.8,13.88,0.35,1787595555042.923,False,,,2,OP1,C1_WIFI_SIN_CARGA,medio
,0.675,0.422,0.596,1.0,,1787595555071.2915,25.86,-14.0,15.32,0.35,1787595555071.2915,False,,,2,OP1,C1_WIFI_SIN_CARGA,medio
,0.66,0.441,0.578,1.0,,1787595555098.794,25.23,-12.8,16.46,0.35,1787595555099.795,False,,,2,OP1,C1_WIFI_SIN_CARGA,medio
,0.635,0.474,0.549,1.0,,1787595555152.296,24.215,-10.8,18.44,0.35,1787595555152.296,False,,,2,OP1,C1_WIFI_SIN_CARGA,medio
,0.625,0.493,0.532,1.0,,1787595555176.422,23.62,-10.0,19.58,0.35,1787595555183.563,False,,,2,OP1,C1_WIFI_SIN_CARGA,medio
,0.619,0.504,0.526,1.0,,1787595555210.4038,23.41,-9.52,20.24,0.35,1787595555210.4038,False,,,2,OP1,C1_WIFI_SIN_CARGA,medio
,0.615,0.51,0.529,1.0,,1787595555238.7495,23.515,-9.2,20.6,0.35,1787595555238.7495,False,,,2,OP1,C1_WIFI_SIN_CARGA,medio
,0.609,0.519,0.531,1.0,,1787595555265.5278,23.585,-8.72,21.14,0.35,1787595555267.6477,False,,,2,OP1,C1_WIFI_SIN_CARGA,medio
,0.598,0.534,0.532,1.0,,1787595555317.8782,23.62,-7.84,22.04,0.35,1787595555317.8782,False,,,2,OP1,C1_WIFI_SIN_CARGA,medio
,0.591,0.544,0.522,1.0,,1787595555346.8308,23.27,-7.28,22.64,0.35,1787595555351.5032,False,,,2,OP1,C1_WIFI_SIN_CARGA,medio
,0.589,0.547,0.511,1.0,,1787595555376.437,22.885,-7.12,22.82,0.35,1787595555376.437,False,,,2,OP1,C1_WIFI_SIN_CARGA,medio
,0.587,0.549,0.504,1.0,,1787595555404.302,22.64,-6.96,22.94,0.35,1787595555404.302,False,,,2,OP1,C1_WIFI_SIN_CARGA,medio
,0.587,0.55,0.5,1.0,,1787595555433.8767,22.5,-6.96,23.0,0.35,1787595555433.8767,False,,,2,OP1,C1_WIFI_SIN_CARGA,medio
,0.585,0.553,0.495,1.0,,1787595555485.0388,22.325,-6.8,23.18,0.35,1787595555485.0388,False,,,2,OP1,C1_WIFI_SIN_CARGA,medio
,0.583,0.555,0.496,1.0,,1787595555511.8738,22.36,-6.64,23.3,0.35,1787595555511.8738,False,,,2,OP1,C1_WIFI_SIN_CARGA,medio
,0.581,0.56,0.498,1.0,,1787595555542.7498,22.43,-6.48,23.6,0.35,1787595555542.7498,False,,,2,OP1,C1_WIFI_SIN_CARGA,medio
,0.58,0.564,0.498,1.0,,1787595555572.8413,22.43,-6.4,23.84,0.35,1787595555572.8413,False,,,2,OP1,C1_WIFI_SIN_CARGA,medio
,0.58,0.569,0.496,1.0,,1787595555596.9866,22.36,-6.4,24.14,0.35,1787595555601.8296,False,,,2,OP1,C1_WIFI_SIN_CARGA,medio
,0.579,0.575,0.494,1.0,,1787595555622.464,22.29,-6.32,24.5,0.35,1787595555622.464,False,,,2,OP1,C1_WIFI_SIN_CARGA,medio
,0.576,0.581,0.489,1.0,,1787595555656.79,22.115,-6.08,24.86,0.35,1787595555656.79,False,,,2,OP1,C1_WIFI_SIN_CARGA,medio
,0.572,0.585,0.485,1.0,,1787595555679.1433,21.975,-5.76,25.1,0.35,1787595555679.1433,False,,,2,OP1,C1_WIFI_SIN_CARGA,medio
,0.569,0.588,0.48,1.0,,1787595555711.0989,21.8,-5.52,25.28,0.35,1787595555713.1057,False,,,2,OP1,C1_WIFI_SIN_CARGA,medio
,0.568,0.589,0.478,1.0,,1787595555739.198,21.73,-5.44,25.34,0.35,1787595555740.1528,False,,,2,OP1,C1_WIFI_SIN_CARGA,medio
,0.567,0.589,0.476,1.0,,1787595555766.8835,21.66,-5.36,25.34,0.35,1787595555768.8965,False,,,2,OP1,C1_WIFI_SIN_CARGA,medio
,0.567,0.589,0.473,1.0,,1787595555787.467,21.555,-5.36,25.34,0.35,1787595555787.467,False,,,2,OP1,C1_WIFI_SIN_CARGA,medio
,0.568,0.588,0.471,1.0,,1787595555822.098,21.485,-5.44,25.28,0.35,1787595555822.098,False,,,2,OP1,C1_WIFI_SIN_CARGA,medio
,0.568,0.586,0.469,1.0,,1787595555851.663,21.415,-5.44,25.16,0.35,1787595555851.663,False,,,2,OP1,C1_WIFI_SIN_CARGA,medio
,0.569,0.584,0.467,1.0,,1787595555876.752,21.345,-5.52,25.04,0.35,1787595555878.7588,False,,,2,OP1,C1_WIFI_SIN_CARGA,medio
,0.57,0.582,0.466,1.0,,1787595555906.2676,21.31,-5.6,24.92,0.35,1787595555907.381,False,,,2,OP1,C1_WIFI_SIN_CARGA,medio
,0.572,0.575,0.463,1.0,,1787595555955.2188,21.205,-5.76,24.5,0.35,1787595555955.2188,False,,,2,OP1,C1_WIFI_SIN_CARGA,medio
,0.573,0.571,0.463,1.0,,1787595555989.7644,21.205,-5.84,24.26,0.35,1787595555989.7644,False,,,2,OP1,C1_WIFI_SIN_CARGA,medio
,0.574,0.567,0.464,1.0,,1787595556018.0703,21.24,-5.92,24.02,0.35,1787595556018.0703,False,,,2,OP1,C1_WIFI_SIN_CARGA,medio
,0.574,0.564,0.465,1.0,,1787595556045.662,21.275,-5.92,23.84,0.35,1787595556045.662,False,,,2,OP1,C1_WIFI_SIN_CARGA,medio
,0.575,0.562,0.465,1.0,,1787595556074.4846,21.275,-6.0,23.72,0.35,1787595556075.5857,False,,,2,OP1,C1_WIFI_SIN_CARGA,medio
,0.575,0.561,0.466,1.0,,1787595556097.3936,21.31,-6.0,23.66,0.35,1787595556097.3936,False,,,2,OP1,C1_WIFI_SIN_CARGA,medio
,0.576,0.56,0.467,1.0,,1787595556125.5215,21.345,-6.08,23.6,0.35,1787595556125.5215,False,,,2,OP1,C1_WIFI_SIN_CARGA,medio
,0.578,0.557,0.468,1.0,,1787595556157.3486,21.38,-6.24,23.42,0.35,1787595556157.3486,False,,,2,OP1,C1_WIFI_SIN_CARGA,medio
,0.581,0.554,0.47,1.0,,1787595556185.119,21.45,-6.48,23.24,0.35,1787595556185.119,False,,,2,OP1,C1_WIFI_SIN_CARGA,medio
,0.583,0.548,0.467,1.0,,1787595556212.9895,21.345,-6.64,22.88,0.35,1787595556212.9895,False,,,2,OP1,C1_WIFI_SIN_CARGA,medio
,0.586,0.543,0.467,1.0,,1787595556240.416,21.345,-6.88,22.58,0.35,1787595556241.8792,False,,,2,OP1,C1_WIFI_SIN_CARGA,medio
,0.588,0.537,0.467,1.0,,1787595556266.9043,21.345,-7.04,22.22,0.35,1787595556266.9043,False,,,2,OP1,C1_WIFI_SIN_CARGA,medio
,0.589,0.533,0.465,1.0,,1787595556292.1543,21.275,-7.12,21.98,0.35,1787595556296.778,False,,,2,OP1,C1_WIFI_SIN_CARGA,medio
,0.589,0.529,0.463,1.0,,1787595556318.3706,21.205,-7.12,21.74,0.35,1787595556325.207,False,,,2,OP1,C1_WIFI_SIN_CARGA,medio
,0.588,0.526,0.461,1.0,,1787595556350.475,21.135,-7.04,21.56,0.35,1787595556350.475,False,,,2,OP1,C1_WIFI_SIN_CARGA,medio
,0.589,0.524,0.458,1.0,,1787595556378.863,21.03,-7.12,21.44,0.35,1787595556381.032,False,,,2,OP1,C1_WIFI_SIN_CARGA,medio
,0.588,0.521,0.455,1.0,,1787595556406.879,20.925,-7.04,21.26,0.35,1787595556410.2156,False,,,2,OP1,C1_WIFI_SIN_CARGA,medio
,0.587,0.518,0.449,1.0,,1787595556460.0845,20.715,-6.96,21.08,0.35,1787595556460.0845,False,,,2,OP1,C1_WIFI_SIN_CARGA,medio
,0.586,0.516,0.444,1.0,,1787595556487.8994,20.54,-6.88,20.96,0.35,1787595556487.8994,False,,,2,OP1,C1_WIFI_SIN_CARGA,medio
,0.583,0.515,0.437,1.0,,1787595556517.9026,20.295,-6.64,20.9,0.35,1787595556517.9026,False,,,2,OP1,C1_WIFI_SIN_CARGA,medio
,0.578,0.514,0.426,1.0,,1787595556544.6204,19.91,-6.24,20.84,0.35,1787595556548.3303,False,,,2,OP1,C1_WIFI_SIN_CARGA,medio
,0.571,0.513,0.411,1.0,,1787595556574.9998,19.385,-5.68,20.78,0.35,1787595556574.9998,False,,,2,OP1,C1_WIFI_SIN_CARGA,medio
,0.564,0.513,0.398,1.0,,1787595556597.9502,18.93,-5.12,20.78,0.35,1787595556597.9502,False,,,2,OP1,C1_WIFI_SIN_CARGA,medio
,0.558,0.514,0.387,1.0,,1787595556627.317,18.545,-4.64,20.84,0.35,1787595556627.317,False,,,2,OP1,C1_WIFI_SIN_CARGA,medio
,0.548,0.517,0.376,1.0,,1787595556654.3435,18.16,-3.84,21.02,0.35,1787595556654.3435,False,,,2,OP1,C1_WIFI_SIN_CARGA,medio
,0.538,0.52,0.365,1.0,,1787595556685.3157,17.775,-3.04,21.2,0.35,1787595556685.3157,False,,,2,OP1,C1_WIFI_SIN_CARGA,medio
,0.528,0.523,0.354,1.0,,1787595556714.189,17.39,-2.24,21.38,0.35,1787595556714.8667,False,,,2,OP1,C1_WIFI_SIN_CARGA,medio
,0.52,0.525,0.347,1.0,,1787595556743.0105,17.145,-1.6,21.5,0.35,1787595556743.0105,False,,,2,OP1,C1_WIFI_SIN_CARGA,medio
,0.514,0.525,0.342,1.0,,1787595556764.2583,16.97,-1.12,21.5,0.35,1787595556764.2583,False,,,2,OP1,C1_WIFI_SIN_CARGA,medio
,0.51,0.524,0.34,1.0,,1787595556797.0596,16.9,-0.8,21.44,0.35,1787595556797.0596,False,,,2,OP1,C1_WIFI_SIN_CARGA,medio
,0.507,0.524,0.34,1.0,,1787595556822.6692,16.9,-0.56,21.44,0.35,1787595556822.6692,False,,,2,OP1,C1_WIFI_SIN_CARGA,medio
,0.499,0.523,0.341,1.0,,1787595556853.174,16.935,0.08,21.38,0.35,1787595556853.174,False,,,2,OP1,C1_WIFI_SIN_CARGA,medio
,0.489,0.523,0.339,1.0,,1787595556880.9485,16.865,0.88,21.38,0.35,1787595556881.9497,False,,,2,OP1,C1_WIFI_SIN_CARGA,medio
,0.48,0.524,0.337,1.0,,1787595556908.6606,16.795,1.6,21.44,0.35,1787595556910.775,False,,,2,OP1,C1_WIFI_SIN_CARGA,medio
,0.472,0.523,0.336,1.0,,1787595556933.076,16.76,2.24,21.38,0.35,1787595556933.076,False,,,2,OP1,C1_WIFI_SIN_CARGA,medio
,0.468,0.523,0.336,1.0,,1787595556963.5977,16.76,2.56,21.38,0.35,1787595556963.5977,False,,,2,OP1,C1_WIFI_SIN_CARGA,medio
,0.466,0.522,0.337,1.0,,1787595556988.5369,16.795,2.72,21.32,0.35,1787595556988.5369,False,,,2,OP1,C1_WIFI_SIN_CARGA,medio
,0.466,0.522,0.338,1.0,,1787595557019.718,16.83,2.72,21.32,0.35,1787595557019.718,False,,,2,OP1,C1_WIFI_SIN_CARGA,medio
,0.465,0.522,0.339,1.0,,1787595557048.205,16.865,2.8,21.32,0.35,1787595557048.205,False,,,2,OP1,C1_WIFI_SIN_CARGA,medio
,0.462,0.521,0.341,1.0,,1787595557075.4067,16.935,3.04,21.26,0.35,1787595557075.4067,False,,,2,OP1,C1_WIFI_SIN_CARGA,medio
,0.46,0.521,0.343,1.0,,1787595557098.0127,17.005,3.2,21.26,0.35,1787595557098.0127,False,,,2,OP1,C1_WIFI_SIN_CARGA,medio
,0.457,0.521,0.344,1.0,,1787595557131.7954,17.04,3.44,21.26,0.35,1787595557131.7954,False,,,2,OP1,C1_WIFI_SIN_CARGA,medio
,0.455,0.52,0.345,1.0,,1787595557157.3591,17.075,3.6,21.2,0.35,1787595557157.3591,False,,,2,OP1,C1_WIFI_SIN_CARGA,medio
,0.453,0.52,0.347,1.0,,1787595557187.706,17.145,3.76,21.2,0.35,1787595557187.706,False,,,2,OP1,C1_WIFI_SIN_CARGA,medio
,0.452,0.518,0.349,1.0,,1787595557215.046,17.215,3.84,21.08,0.35,1787595557216.4675,False,,,2,OP1,C1_WIFI_SIN_CARGA,medio
,0.451,0.517,0.35,1.0,,1787595557235.8057,17.25,3.92,21.02,0.35,1787595557235.8057,False,,,2,OP1,C1_WIFI_SIN_CARGA,medio
,0.451,0.516,0.35,1.0,,1787595557264.1697,17.25,3.92,20.96,0.35,1787595557264.1697,False,,,2,OP1,C1_WIFI_SIN_CARGA,medio
,0.452,0.516,0.35,1.0,,1787595557298.1697,17.25,3.84,20.96,0.35,1787595557298.1697,False,,,2,OP1,C1_WIFI_SIN_CARGA,medio
,0.454,0.515,0.351,1.0,,1787595557321.5608,17.285,3.68,20.9,0.35,1787595557321.5608,False,,,2,OP1,C1_WIFI_SIN_CARGA,medio
,0.456,0.513,0.351,1.0,,1787595557353.3335,17.285,3.52,20.78,0.35,1787595557353.3335,False,,,2,OP1,C1_WIFI_SIN_CARGA,medio
,0.468,0.512,0.351,1.0,,1787595557409.774,17.285,2.56,20.72,0.35,1787595557409.774,False,,,2,OP1,C1_WIFI_SIN_CARGA,medio
,0.478,0.51,0.349,1.0,,1787595557461.8477,17.215,1.76,20.6,0.35,1787595557461.8477,False,,,2,OP1,C1_WIFI_SIN_CARGA,medio
,0.483,0.509,0.35,1.0,,1787595557492.9526,17.25,1.36,20.54,0.35,1787595557494.9658,False,,,2,OP1,C1_WIFI_SIN_CARGA,medio
,0.488,0.507,0.35,1.0,,1787595557517.6255,17.25,0.96,20.42,0.35,1787595557517.6255,False,,,2,OP1,C1_WIFI_SIN_CARGA,medio
,0.493,0.505,0.351,1.0,,1787595557547.2856,17.285,0.56,20.3,0.35,1787595557550.5796,False,,,2,OP1,C1_WIFI_SIN_CARGA,medio
,0.496,0.504,0.351,1.0,,1787595557568.205,17.285,0.32,20.24,0.35,1787595557568.205,False,,,2,OP1,C1_WIFI_SIN_CARGA,medio
,0.499,0.504,0.351,1.0,,1787595557604.1333,17.285,0.08,20.24,0.35,1787595557606.1414,False,,,2,OP1,C1_WIFI_SIN_CARGA,medio
,0.501,0.503,0.35,1.0,,1787595557633.3364,17.25,-0.08,20.18,0.35,1787595557633.3364,False,,,2,OP1,C1_WIFI_SIN_CARGA,medio
,0.502,0.502,0.35,1.0,,1787595557659.9832,17.25,-0.16,20.12,0.35,1787595557659.9832,False,,,2,OP1,C1_WIFI_SIN_CARGA,medio
,0.504,0.502,0.349,1.0,,1787595557680.076,17.215,-0.32,20.12,0.35,1787595557680.076,False,,,2,OP1,C1_WIFI_SIN_CARGA,medio
,0.507,0.5,0.348,1.0,,1787595557717.0989,17.18,-0.56,20.0,0.35,1787595557719.1135,False,,,2,OP1,C1_WIFI_SIN_CARGA,medio
,0.509,0.497,0.347,1.0,,1787595557746.1172,17.145,-0.72,19.82,0.35,1787595557746.1172,False,,,2,OP1,C1_WIFI_SIN_CARGA,medio
,0.511,0.494,0.347,1.0,,1787595557766.183,17.145,-0.88,19.64,0.35,1787595557766.183,False,,,2,OP1,C1_WIFI_SIN_CARGA,medio
,0.513,0.491,0.346,1.0,,1787595557796.874,17.11,-1.04,19.46,0.35,1787595557796.874,False,,,2,OP1,C1_WIFI_SIN_CARGA,medio
,0.515,0.488,0.346,1.0,,1787595557820.3574,17.11,-1.2,19.28,0.35,1787595557820.3574,False,,,2,OP1,C1_WIFI_SIN_CARGA,medio
,0.515,0.486,0.344,1.0,,1787595557867.39,17.04,-1.2,19.16,0.35,1787595557867.39,False,,,2,OP1,C1_WIFI_SIN_CARGA,medio
,0.517,0.483,0.341,1.0,,1787595557910.4348,16.935,-1.36,18.98,0.35,1787595557912.442,False,,,2,OP1,C1_WIFI_SIN_CARGA,medio
,0.519,0.481,0.339,1.0,,1787595557937.9548,16.865,-1.52,18.86,0.35,1787595557937.9548,False,,,2,OP1,C1_WIFI_SIN_CARGA,medio
,0.52,0.479,0.337,1.0,,1787595557965.3633,16.795,-1.6,18.74,0.35,1787595557965.3633,False,,,2,OP1,C1_WIFI_SIN_CARGA,medio
,0.52,0.478,0.336,1.0,,1787595557987.517,16.76,-1.6,18.68,0.35,1787595557987.517,False,,,2,OP1,C1_WIFI_SIN_CARGA,medio
,0.52,0.478,0.336,1.0,,1787595558014.777,16.76,-1.6,18.68,0.35,1787595558014.777,False,,,2,OP1,C1_WIFI_SIN_CARGA,medio
,0.52,0.477,0.336,1.0,,1787595558051.7332,16.76,-1.6,18.62,0.35,1787595558051.7332,False,,,2,OP1,C1_WIFI_SIN_CARGA,medio
,0.519,0.477,0.335,1.0,,1787595558077.2654,16.725,-1.52,18.62,0.35,1787595558079.277,False,,,2,OP1,C1_WIFI_SIN_CARGA,medio
,0.517,0.477,0.335,1.0,,1787595558106.7627,16.725,-1.36,18.62,0.35,1787595558106.7627,False,,,2,OP1,C1_WIFI_SIN_CARGA,medio
,0.514,0.477,0.337,1.0,,1787595558126.9204,16.795,-1.12,18.62,0.35,1787595558126.9204,False,,,2,OP1,C1_WIFI_SIN_CARGA,medio
,0.511,0.476,0.338,1.0,,1787595558163.2373,16.83,-0.88,18.56,0.35,1787595558163.2373,False,,,2,OP1,C1_WIFI_SIN_CARGA,medio
,0.506,0.475,0.342,1.0,,1787595558211.807,16.97,-0.48,18.5,0.35,1787595558211.807,False,,,2,OP1,C1_WIFI_SIN_CARGA,medio
,0.504,0.475,0.343,1.0,,1787595558239.1665,17.005,-0.32,18.5,0.35,1787595558239.1665,False,,,2,OP1,C1_WIFI_SIN_CARGA,medio
,0.502,0.475,0.344,1.0,,1787595558272.5518,17.04,-0.16,18.5,0.35,1787595558272.5518,False,,,2,OP1,C1_WIFI_SIN_CARGA,medio
,0.501,0.474,0.345,1.0,,1787595558296.75,17.075,-0.08,18.44,0.35,1787595558296.75,False,,,2,OP1,C1_WIFI_SIN_CARGA,medio
,0.499,0.474,0.346,1.0,,1787595558328.231,17.11,0.08,18.44,0.35,1787595558328.231,False,,,2,OP1,C1_WIFI_SIN_CARGA,medio
,0.498,0.474,0.346,1.0,,1787595558352.6565,17.11,0.16,18.44,0.35,1787595558352.6565,False,,,2,OP1,C1_WIFI_SIN_CARGA,medio
,0.497,0.473,0.347,1.0,,1787595558376.8848,17.145,0.24,18.38,0.35,1787595558376.8848,False,,,2,OP1,C1_WIFI_SIN_CARGA,medio
,0.497,0.473,0.346,1.0,,1787595558409.826,17.11,0.24,18.38,0.35,1787595558409.826,False,,,2,OP1,C1_WIFI_SIN_CARGA,medio
,0.496,0.472,0.346,1.0,,1787595558435.652,17.11,0.32,18.32,0.35,1787595558441.07,False,,,2,OP1,C1_WIFI_SIN_CARGA,medio
,0.496,0.47,0.346,1.0,,1787595558467.4363,17.11,0.32,18.2,0.35,1787595558467.4363,False,,,2,OP1,C1_WIFI_SIN_CARGA,medio
