condicion_red,cond_excel,objeto,id_intento,archivo,duracion_s,muestras,correcciones,correcciones_z,correcciones_total,tasa_correccion_por_min
C1_WIFI_SIN_CARGA,C1_ETHERNET_SIN_CARGA,N1,1,funcional_C1_WIFI_SIN_CARGA_OP1_N1_intento1.csv,29.91,995,55,53,108,110.32
C1_WIFI_SIN_CARGA,C1_ETHERNET_SIN_CARGA,N1,2,funcional_C1_WIFI_SIN_CARGA_OP1_N1_intento2.csv,21.8,727,40,46,86,110.1
C1_WIFI_SIN_CARGA,C1_ETHERNET_SIN_CARGA,N1,3,funcional_C1_WIFI_SIN_CARGA_OP1_N1_intento3.csv,22.16,745,37,42,79,100.18
C1_WIFI_SIN_CARGA,C1_ETHERNET_SIN_CARGA,N1,4,funcional_C1_WIFI_SIN_CARGA_OP1_N1_intento4.csv,20.16,664,41,36,77,122.02
C1_WIFI_SIN_CARGA,C1_ETHERNET_SIN_CARGA,N1,5,funcional_C1_WIFI_SIN_CARGA_OP1_N1_intento5.csv,24.39,794,36,47,83,88.55
C1_WIFI_SIN_CARGA,C1_ETHERNET_SIN_CARGA,N3,1,funcional_C1_WIFI_SIN_CARGA_OP1_N3_intento1.csv,34.97,1085,63,59,122,108.1
C1_WIFI_SIN_CARGA,C1_ETHERNET_SIN_CARGA,N3,2,funcional_C1_WIFI_SIN_CARGA_OP1_N3_intento2.csv,69.97,2248,141,212,353,120.91
C1_WIFI_SIN_CARGA,C1_ETHERNET_SIN_CARGA,N3,3,funcional_C1_WIFI_SIN_CARGA_OP1_N3_intento3.csv,94.97,3132,200,252,452,126.36
C1_WIFI_SIN_CARGA,C1_ETHERNET_SIN_CARGA,N3,4,funcional_C1_WIFI_SIN_CARGA_OP1_N3_intento4.csv,81.18,2655,228,225,453,168.51
C1_WIFI_SIN_CARGA,C1_ETHERNET_SIN_CARGA,N3,5,funcional_C1_WIFI_SIN_CARGA_OP1_N3_intento5.csv,109.95,3596,256,296,552,139.7
C2_WIFI_CARGA_MEDIA,C2_ETHERNET_CLUMSY_CARGA_MEDIA,N1,1,funcional_C2_WIFI_CARGA_MEDIA_OP1_N1_intento1.csv,23.01,595,36,39,75,93.86
C2_WIFI_CARGA_MEDIA,C2_ETHERNET_CLUMSY_CARGA_MEDIA,N1,2,funcional_C2_WIFI_CARGA_MEDIA_OP1_N1_intento2.csv,45.74,1137,71,99,170,93.13
C2_WIFI_CARGA_MEDIA,C2_ETHERNET_CLUMSY_CARGA_MEDIA,N1,3,funcional_C2_WIFI_CARGA_MEDIA_OP1_N1_intento3.csv,72.14,1754,167,155,322,138.9
C2_WIFI_CARGA_MEDIA,C2_ETHERNET_CLUMSY_CARGA_MEDIA,N1,4,funcional_C2_WIFI_CARGA_MEDIA_OP1_N1_intento4.csv,21.91,538,39,48,87,106.81
C2_WIFI_CARGA_MEDIA,C2_ETHERNET_CLUMSY_CARGA_MEDIA,N1,5,funcional_C2_WIFI_CARGA_MEDIA_OP1_N1_intento5.csv,26.48,658,50,39,89,113.3
C2_WIFI_CARGA_MEDIA,C2_ETHERNET_CLUMSY_CARGA_MEDIA,N3,1,funcional_C2_WIFI_CARGA_MEDIA_OP1_N3_intento1.csv,99.9,2357,184,222,406,110.51
C2_WIFI_CARGA_MEDIA,C2_ETHERNET_CLUMSY_CARGA_MEDIA,N3,2,funcional_C2_WIFI_CARGA_MEDIA_OP1_N3_intento2.csv,189.95,4544,425,448,873,134.25
C2_WIFI_CARGA_MEDIA,C2_ETHERNET_CLUMSY_CARGA_MEDIA,N3,3,funcional_C2_WIFI_CARGA_MEDIA_OP1_N3_intento3.csv,159.93,3856,283,351,634,106.17
C2_WIFI_CARGA_MEDIA,C2_ETHERNET_CLUMSY_CARGA_MEDIA,N3,4,funcional_C2_WIFI_CARGA_MEDIA_OP1_N3_intento4.csv,109.98,2695,220,254,474,120.02
C2_WIFI_CARGA_MEDIA,C2_ETHERNET_CLUMSY_CARGA_MEDIA,N3,5,funcional_C2_WIFI_CARGA_MEDIA_OP1_N3_intento5.csv,199.96,4833,407,432,839,122.12
C3_WIFI_CARGA_ALTA,C3_ETHERNET_CLUMSY_CARGA_ALTA,N1,1,funcional_C3_WIFI_CARGA_ALTA_OP1_N1_intento1.csv,102.25,2139,196,221,417,115.01
C3_WIFI_CARGA_ALTA,C3_ETHERNET_CLUMSY_CARGA_ALTA,N1,2,funcional_C3_WIFI_CARGA_ALTA_OP1_N1_intento2.csv,81.83,1748,156,197,353,114.39
C3_WIFI_CARGA_ALTA,C3_ETHERNET_CLUMSY_CARGA_ALTA,N1,3,funcional_C3_WIFI_CARGA_ALTA_OP1_N1_intento3.csv,63.98,1390,115,129,244,107.84
C3_WIFI_CARGA_ALTA,C3_ETHERNET_CLUMSY_CARGA_ALTA,N1,4,funcional_C3_WIFI_CARGA_ALTA_OP1_N1_intento4.csv,96.41,2033,179,192,371,111.4
C3_WIFI_CARGA_ALTA,C3_ETHERNET_CLUMSY_CARGA_ALTA,N1,5,funcional_C3_WIFI_CARGA_ALTA_OP1_N1_intento5.csv,27.54,561,40,39,79,87.16
C3_WIFI_CARGA_ALTA,C3_ETHERNET_CLUMSY_CARGA_ALTA,N3,1,funcional_C3_WIFI_CARGA_ALTA_OP1_N3_intento1.csv,79.9,1754,167,158,325,125.4
C3_WIFI_CARGA_ALTA,C3_ETHERNET_CLUMSY_CARGA_ALTA,N3,2,funcional_C3_WIFI_CARGA_ALTA_OP1_N3_intento2.csv,129.98,2873,261,301,562,120.48
C3_WIFI_CARGA_ALTA,C3_ETHERNET_CLUMSY_CARGA_ALTA,N3,3,funcional_C3_WIFI_CARGA_ALTA_OP1_N3_intento3.csv,107.95,2388,196,177,373,108.94
C3_WIFI_CARGA_ALTA,C3_ETHERNET_CLUMSY_CARGA_ALTA,N3,4,funcional_C3_WIFI_CARGA_ALTA_OP1_N3_intento4.csv,91.86,2002,188,166,354,122.8
C3_WIFI_CARGA_ALTA,C3_ETHERNET_CLUMSY_CARGA_ALTA,N3,5,funcional_C3_WIFI_CARGA_ALTA_OP1_N3_intento5.csv,139.95,3133,295,273,568,126.47
